product_id,current_stock,reorder_level,average_daily_demand,lead_time_days
PRD001,1098,388.0,31,10
PRD002,74,58.0,11,4
PRD003,554,372.0,47,6
PRD004,4749,1568.0,61,19
PRD005,240,107.0,14,6
PRD006,681,367.0,23,15
PRD007,344,144.0,10,13
PRD008,1074,1370.0,50,19
PRD009,2419,878.0,100,6
PRD010,1069,410.0,27,15
PRD011,1098,581.0,57,9
PRD012,69,170.0,9,17
PRD013,593,310.0,34,9
PRD014,434,237.0,40,4
PRD015,5243,1313.0,70,14
PRD016,87,58.0,8,5
PRD017,48,120.0,38,3
PRD018,2943,880.0,45,15
PRD019,141,703.0,78,8
PRD020,2007,690.0,73,8
PRD021,1874,751.0,47,12
PRD022,353,894.0,43,18
PRD023,2584,1321.0,94,11
PRD024,936,485.0,53,7
PRD025,42,63.0,5,11
PRD026,734,1213.0,82,12
PRD027,3966,1662.0,70,17
PRD028,3937,983.0,41,18
PRD029,627,428.0,35,11
PRD030,745,134.0,10,9
PRD031,968,270.0,14,16
PRD032,2405,1641.0,94,14
PRD033,699,269.0,93,2
PRD034,1422,324.0,33,7
PRD035,2017,998.0,76,9
PRD036,6801,1721.0,64,18
PRD037,5779,1332.0,61,18
PRD038,1411,521.0,25,17
PRD039,1515,894.0,40,18
PRD040,305,172.0,14,11
PRD041,597,316.0,74,4
PRD042,78,198.0,24,8
PRD043,429,990.0,64,15
PRD044,934,226.0,79,2
PRD045,53,75.0,5,13
PRD046,8174,1514.0,58,19
PRD047,305,623.0,33,17
PRD048,548,865.0,54,12
PRD049,1763,572.0,64,6
PRD050,1905,1410.0,55,20
PRD051,654,507.0,59,6
PRD052,1271,703.0,53,12
PRD053,256,729.0,53,10
PRD054,812,257.0,15,17
PRD055,1494,584.0,49,9
PRD056,1413,409.0,36,8
PRD057,2784,476.0,21,17
PRD058,2028,885.0,64,10
PRD059,2039,694.0,100,5
PRD060,815,365.0,18,20
