order_id,supplier_id,product_id,order_date,quantity,unit_cost,defect_flag
ORD00001,SUP018,PRD046,2026-04-11,51,1102.17,0
ORD00002,SUP019,PRD050,2026-01-10,10,8998.88,0
ORD00003,SUP018,PRD002,2026-08-18,32,4539.04,0
ORD00004,SUP018,PRD033,2026-03-04,88,2158.22,0
ORD00005,SUP018,PRD046,2025-12-01,73,1102.17,0
ORD00006,SUP008,PRD056,2026-03-27,69,5669.0,0
ORD00007,SUP009,PRD012,2026-04-08,9,2266.53,0
ORD00008,SUP015,PRD036,2026-03-24,2,12984.78,0
ORD00009,SUP010,PRD019,2026-06-08,14,6634.53,0
ORD00010,SUP018,PRD002,2026-04-04,82,4539.04,0
ORD00011,SUP009,PRD017,2026-05-24,91,14571.96,0
ORD00012,SUP011,PRD010,2025-12-30,94,6137.24,0
ORD00013,SUP006,PRD007,2026-08-30,35,8105.27,0
ORD00014,SUP020,PRD057,2026-07-03,100,14761.03,0
ORD00015,SUP013,PRD037,2026-05-12,94,10977.56,0
ORD00016,SUP009,PRD017,2026-03-15,32,14571.96,0
ORD00017,SUP009,PRD039,2025-11-14,36,7046.9,0
ORD00018,SUP005,PRD045,2026-02-02,97,3010.49,0
ORD00019,SUP005,PRD015,2026-08-09,86,9486.2,0
ORD00020,SUP013,PRD043,2025-10-15,64,231.9,0
ORD00021,SUP016,PRD025,2026-01-02,63,12277.14,0
ORD00022,SUP017,PRD029,2026-02-10,44,6881.99,0
ORD00023,SUP013,PRD037,2026-08-02,90,10977.56,0
ORD00024,SUP017,PRD048,2026-07-12,2,1385.65,0
ORD00025,SUP017,PRD048,2026-01-06,11,1385.65,0
ORD00026,SUP003,PRD016,2026-04-27,63,5894.56,0
ORD00027,SUP007,PRD028,2026-02-01,89,10751.64,0
ORD00028,SUP007,PRD011,2026-09-30,63,9900.49,0
ORD00029,SUP019,PRD013,2025-10-09,12,6540.82,0
ORD00030,SUP003,PRD041,2026-04-26,89,13910.23,0
ORD00031,SUP011,PRD010,2026-09-05,75,6137.24,0
ORD00032,SUP007,PRD028,2026-07-11,68,10751.64,0
ORD00033,SUP019,PRD051,2026-07-09,43,7937.18,0
ORD00034,SUP017,PRD022,2026-05-21,35,13793.7,0
ORD00035,SUP020,PRD021,2026-01-27,16,3143.88,0
ORD00036,SUP019,PRD013,2026-03-11,16,6540.82,0
ORD00037,SUP013,PRD043,2026-09-19,24,231.9,0
ORD00038,SUP009,PRD017,2026-06-05,36,14571.96,0
ORD00039,SUP015,PRD036,2026-06-26,77,12984.78,0
ORD00040,SUP019,PRD013,2025-11-21,25,6540.82,0
ORD00041,SUP005,PRD015,2026-04-03,23,9486.2,0
ORD00042,SUP003,PRD016,2026-09-28,69,5894.56,0
ORD00043,SUP014,PRD044,2025-10-24,7,10509.55,0
ORD00044,SUP014,PRD044,2026-09-23,17,10509.55,0
ORD00045,SUP011,PRD009,2026-06-09,14,12674.21,0
ORD00046,SUP008,PRD049,2026-07-21,37,6175.88,0
ORD00047,SUP017,PRD027,2026-05-14,44,13112.01,0
ORD00048,SUP005,PRD026,2025-10-27,33,9964.31,0
ORD00049,SUP016,PRD042,2026-06-02,15,7324.1,0
ORD00050,SUP010,PRD060,2026-04-24,63,9151.48,0
ORD00051,SUP006,PRD007,2026-08-19,88,8105.27,1
ORD00052,SUP010,PRD019,2025-12-16,73,6634.53,0
ORD00053,SUP011,PRD053,2025-11-13,32,13949.47,0
ORD00054,SUP017,PRD027,2026-05-02,78,13112.01,0
ORD00055,SUP007,PRD038,2026-08-13,29,3015.09,0
ORD00056,SUP003,PRD016,2026-04-13,58,5894.56,0
ORD00057,SUP004,PRD023,2026-03-02,76,13950.66,0
ORD00058,SUP005,PRD026,2026-03-06,73,9964.31,0
ORD00059,SUP019,PRD050,2026-08-09,95,8998.88,0
ORD00060,SUP011,PRD032,2026-01-15,81,1248.69,0
ORD00061,SUP006,PRD007,2026-09-04,11,8105.27,0
ORD00062,SUP019,PRD051,2025-12-28,71,7937.18,0
ORD00063,SUP002,PRD024,2025-10-02,53,3764.9,0
ORD00064,SUP011,PRD009,2026-08-01,61,12674.21,0
ORD00065,SUP005,PRD026,2026-01-27,37,9964.31,0
ORD00066,SUP016,PRD047,2026-09-25,59,7642.19,0
ORD00067,SUP003,PRD041,2026-01-28,34,13910.23,0
ORD00068,SUP016,PRD025,2026-08-17,76,12277.14,0
ORD00069,SUP009,PRD017,2026-01-10,55,14571.96,0
ORD00070,SUP011,PRD009,2026-01-24,83,12674.21,0
ORD00071,SUP007,PRD028,2026-02-14,19,10751.64,0
ORD00072,SUP002,PRD024,2025-12-24,40,3764.9,0
ORD00073,SUP016,PRD034,2026-07-19,37,3796.36,0
ORD00074,SUP007,PRD011,2026-05-28,89,9900.49,0
ORD00075,SUP009,PRD017,2026-04-25,35,14571.96,0
ORD00076,SUP011,PRD053,2026-06-10,57,13949.47,0
ORD00077,SUP009,PRD012,2025-10-21,56,2266.53,0
ORD00078,SUP018,PRD002,2026-08-06,33,4539.04,0
ORD00079,SUP010,PRD060,2026-01-26,87,9151.48,0
ORD00080,SUP001,PRD030,2026-07-22,76,8906.97,0
ORD00081,SUP018,PRD040,2026-09-10,35,1649.05,0
ORD00082,SUP018,PRD018,2025-12-29,61,11312.99,0
ORD00083,SUP010,PRD019,2026-05-15,36,6634.53,0
ORD00084,SUP003,PRD031,2026-07-27,56,10676.05,0
ORD00085,SUP019,PRD051,2026-06-09,12,7937.18,0
ORD00086,SUP008,PRD052,2026-04-28,43,4131.09,0
ORD00087,SUP006,PRD020,2025-11-23,21,7713.69,0
ORD00088,SUP007,PRD011,2026-09-21,64,9900.49,0
ORD00089,SUP008,PRD049,2026-04-24,98,6175.88,0
ORD00090,SUP015,PRD036,2026-05-21,12,12984.78,0
ORD00091,SUP016,PRD025,2026-03-15,15,12277.14,0
ORD00092,SUP004,PRD023,2026-04-25,66,13950.66,0
ORD00093,SUP007,PRD028,2025-10-01,85,10751.64,0
ORD00094,SUP016,PRD042,2026-05-25,53,7324.1,0
ORD00095,SUP008,PRD049,2026-06-23,47,6175.88,0
ORD00096,SUP011,PRD009,2026-06-13,81,12674.21,0
ORD00097,SUP007,PRD038,2025-10-27,27,3015.09,0
ORD00098,SUP020,PRD021,2025-12-07,37,3143.88,0
ORD00099,SUP009,PRD012,2026-09-23,63,2266.53,0
ORD00100,SUP004,PRD035,2026-08-19,78,1634.58,0
ORD00101,SUP016,PRD034,2026-09-29,21,3796.36,0
ORD00102,SUP013,PRD043,2025-10-08,71,231.9,0
ORD00103,SUP020,PRD021,2026-01-24,15,3143.88,0
ORD00104,SUP014,PRD044,2025-11-30,83,10509.55,0
ORD00105,SUP011,PRD032,2026-06-13,92,1248.69,0
ORD00106,SUP006,PRD007,2026-09-27,35,8105.27,0
ORD00107,SUP014,PRD044,2026-06-05,61,10509.55,0
ORD00108,SUP017,PRD029,2026-07-10,19,6881.99,0
ORD00109,SUP007,PRD011,2026-08-03,66,9900.49,0
ORD00110,SUP004,PRD059,2025-12-09,9,13367.75,0
ORD00111,SUP009,PRD008,2026-05-01,44,14844.95,0
ORD00112,SUP001,PRD030,2026-06-17,35,8906.97,0
ORD00113,SUP019,PRD050,2026-02-22,93,8998.88,0
ORD00114,SUP009,PRD008,2026-07-28,75,14844.95,0
ORD00115,SUP016,PRD042,2026-06-08,20,7324.1,0
ORD00116,SUP009,PRD012,2026-06-05,45,2266.53,0
ORD00117,SUP011,PRD009,2026-07-06,49,12674.21,0
ORD00118,SUP007,PRD006,2026-03-14,25,10118.59,0
ORD00119,SUP001,PRD030,2026-01-31,74,8906.97,0
ORD00120,SUP013,PRD043,2026-04-29,6,231.9,0
ORD00121,SUP017,PRD022,2026-05-31,91,13793.7,0
ORD00122,SUP011,PRD010,2026-04-14,50,6137.24,0
ORD00123,SUP015,PRD005,2026-08-30,20,9608.13,0
ORD00124,SUP009,PRD039,2025-10-19,17,7046.9,0
ORD00125,SUP008,PRD056,2026-07-30,43,5669.0,0
ORD00126,SUP003,PRD031,2026-05-14,13,10676.05,0
ORD00127,SUP015,PRD005,2026-05-22,2,9608.13,0
ORD00128,SUP007,PRD038,2026-04-28,84,3015.09,0
ORD00129,SUP011,PRD032,2025-11-08,61,1248.69,0
ORD00130,SUP013,PRD037,2026-02-13,44,10977.56,0
ORD00131,SUP017,PRD048,2026-04-22,84,1385.65,0
ORD00132,SUP010,PRD060,2026-03-18,87,9151.48,0
ORD00133,SUP003,PRD016,2026-04-13,41,5894.56,0
ORD00134,SUP020,PRD054,2026-06-07,70,14977.13,0
ORD00135,SUP011,PRD032,2025-11-05,31,1248.69,0
ORD00136,SUP009,PRD039,2026-02-25,30,7046.9,0
ORD00137,SUP013,PRD037,2026-05-11,13,10977.56,0
ORD00138,SUP015,PRD001,2026-09-26,13,8136.18,0
ORD00139,SUP005,PRD014,2026-09-21,39,7740.99,0
ORD00140,SUP010,PRD019,2025-10-24,42,6634.53,0
ORD00141,SUP020,PRD057,2026-02-28,46,14761.03,0
ORD00142,SUP008,PRD056,2025-12-14,32,5669.0,0
ORD00143,SUP009,PRD017,2026-07-17,88,14571.96,0
ORD00144,SUP003,PRD041,2025-12-27,23,13910.23,1
ORD00145,SUP004,PRD059,2026-04-14,80,13367.75,0
ORD00146,SUP015,PRD005,2026-06-12,75,9608.13,0
ORD00147,SUP016,PRD025,2026-05-25,82,12277.14,0
ORD00148,SUP009,PRD039,2026-02-08,86,7046.9,1
ORD00149,SUP001,PRD030,2026-05-27,37,8906.97,0
ORD00150,SUP006,PRD007,2025-12-20,10,8105.27,0
ORD00151,SUP013,PRD037,2026-03-26,76,10977.56,0
ORD00152,SUP004,PRD059,2026-05-06,89,13367.75,0
ORD00153,SUP006,PRD007,2026-03-04,26,8105.27,0
ORD00154,SUP016,PRD025,2026-06-05,14,12277.14,0
ORD00155,SUP016,PRD047,2026-07-20,46,7642.19,0
ORD00156,SUP019,PRD050,2026-09-24,38,8998.88,0
ORD00157,SUP007,PRD003,2026-09-03,51,10627.66,0
ORD00158,SUP008,PRD052,2026-07-17,88,4131.09,0
ORD00159,SUP016,PRD047,2025-10-26,78,7642.19,0
ORD00160,SUP001,PRD030,2026-02-24,100,8906.97,0
ORD00161,SUP001,PRD030,2026-08-07,46,8906.97,0
ORD00162,SUP005,PRD015,2026-01-06,80,9486.2,0
ORD00163,SUP015,PRD005,2026-09-03,88,9608.13,0
ORD00164,SUP016,PRD034,2026-08-18,13,3796.36,0
ORD00165,SUP005,PRD015,2026-08-27,6,9486.2,0
ORD00166,SUP018,PRD040,2026-05-14,5,1649.05,0
ORD00167,SUP005,PRD026,2025-12-07,12,9964.31,0
ORD00168,SUP017,PRD022,2026-03-17,96,13793.7,0
ORD00169,SUP019,PRD050,2026-01-11,17,8998.88,0
ORD00170,SUP018,PRD018,2026-04-06,68,11312.99,0
ORD00171,SUP006,PRD007,2026-02-17,22,8105.27,0
ORD00172,SUP007,PRD011,2026-06-04,38,9900.49,0
ORD00173,SUP016,PRD034,2026-03-23,15,3796.36,0
ORD00174,SUP017,PRD022,2025-11-08,19,13793.7,0
ORD00175,SUP006,PRD020,2026-01-24,87,7713.69,0
ORD00176,SUP006,PRD020,2026-04-22,72,7713.69,0
ORD00177,SUP019,PRD051,2026-04-21,2,7937.18,0
ORD00178,SUP017,PRD022,2025-12-03,59,13793.7,0
ORD00179,SUP009,PRD039,2026-09-10,34,7046.9,0
ORD00180,SUP007,PRD038,2026-08-23,48,3015.09,0
ORD00181,SUP020,PRD054,2026-01-28,61,14977.13,0
ORD00182,SUP002,PRD024,2026-07-15,42,3764.9,0
ORD00183,SUP013,PRD037,2026-01-22,83,10977.56,0
ORD00184,SUP005,PRD045,2026-05-26,90,3010.49,0
ORD00185,SUP018,PRD058,2026-04-28,15,4630.81,0
ORD00186,SUP009,PRD039,2025-10-20,39,7046.9,0
ORD00187,SUP004,PRD035,2025-11-29,13,1634.58,0
ORD00188,SUP018,PRD046,2026-07-03,18,1102.17,0
ORD00189,SUP008,PRD056,2026-04-08,86,5669.0,0
ORD00190,SUP003,PRD004,2026-09-22,70,12858.7,0
ORD00191,SUP016,PRD042,2025-12-19,54,7324.1,0
ORD00192,SUP020,PRD021,2026-06-08,79,3143.88,0
ORD00193,SUP018,PRD046,2026-02-21,5,1102.17,0
ORD00194,SUP018,PRD058,2026-01-20,57,4630.81,0
ORD00195,SUP003,PRD016,2026-01-29,47,5894.56,1
ORD00196,SUP011,PRD053,2026-09-17,48,13949.47,0
ORD00197,SUP018,PRD033,2026-08-27,46,2158.22,0
ORD00198,SUP004,PRD023,2026-02-19,25,13950.66,0
ORD00199,SUP013,PRD037,2026-05-21,12,10977.56,0
ORD00200,SUP007,PRD006,2026-08-25,82,10118.59,0
ORD00201,SUP005,PRD014,2025-10-11,7,7740.99,0
ORD00202,SUP019,PRD051,2026-02-02,17,7937.18,0
ORD00203,SUP005,PRD045,2026-01-14,9,3010.49,0
ORD00204,SUP004,PRD023,2026-07-11,27,13950.66,0
ORD00205,SUP017,PRD029,2026-01-28,43,6881.99,0
ORD00206,SUP018,PRD002,2026-08-02,1,4539.04,0
ORD00207,SUP007,PRD011,2025-12-14,17,9900.49,0
ORD00208,SUP018,PRD046,2025-12-29,15,1102.17,0
ORD00209,SUP002,PRD024,2025-10-14,17,3764.9,1
ORD00210,SUP018,PRD033,2026-01-30,76,2158.22,0
ORD00211,SUP005,PRD014,2025-12-29,34,7740.99,1
ORD00212,SUP020,PRD021,2026-05-04,68,3143.88,0
ORD00213,SUP018,PRD058,2025-11-02,61,4630.81,0
ORD00214,SUP015,PRD036,2026-04-04,66,12984.78,0
ORD00215,SUP005,PRD014,2026-05-20,65,7740.99,0
ORD00216,SUP009,PRD039,2026-08-11,6,7046.9,0
ORD00217,SUP020,PRD057,2026-09-03,67,14761.03,0
ORD00218,SUP010,PRD060,2026-08-26,4,9151.48,0
ORD00219,SUP016,PRD034,2026-06-03,52,3796.36,0
ORD00220,SUP005,PRD026,2025-11-25,63,9964.31,0
ORD00221,SUP003,PRD016,2026-05-16,10,5894.56,0
ORD00222,SUP016,PRD025,2026-03-14,78,12277.14,0
ORD00223,SUP020,PRD021,2025-12-04,36,3143.88,0
ORD00224,SUP010,PRD060,2026-07-27,71,9151.48,0
ORD00225,SUP016,PRD025,2026-04-14,77,12277.14,0
ORD00226,SUP007,PRD038,2026-05-21,65,3015.09,0
ORD00227,SUP007,PRD011,2025-11-20,90,9900.49,0
ORD00228,SUP008,PRD052,2026-09-01,84,4131.09,0
ORD00229,SUP009,PRD017,2026-07-10,93,14571.96,0
ORD00230,SUP018,PRD018,2026-05-09,58,11312.99,0
ORD00231,SUP010,PRD019,2026-04-30,44,6634.53,0
ORD00232,SUP007,PRD003,2026-04-23,54,10627.66,0
ORD00233,SUP003,PRD004,2026-03-10,55,12858.7,0
ORD00234,SUP002,PRD024,2026-02-08,48,3764.9,0
ORD00235,SUP010,PRD060,2026-09-17,61,9151.48,0
ORD00236,SUP013,PRD037,2025-11-13,12,10977.56,0
ORD00237,SUP015,PRD036,2026-04-09,17,12984.78,0
ORD00238,SUP015,PRD036,2026-07-28,72,12984.78,0
ORD00239,SUP008,PRD052,2026-09-09,16,4131.09,0
ORD00240,SUP019,PRD051,2026-09-06,97,7937.18,0
ORD00241,SUP007,PRD028,2025-10-27,37,10751.64,0
ORD00242,SUP005,PRD026,2026-03-30,14,9964.31,0
ORD00243,SUP018,PRD018,2026-01-17,20,11312.99,0
ORD00244,SUP005,PRD045,2026-01-23,14,3010.49,0
ORD00245,SUP004,PRD035,2026-07-12,48,1634.58,1
ORD00246,SUP019,PRD013,2026-02-20,74,6540.82,0
ORD00247,SUP016,PRD047,2026-05-08,72,7642.19,0
ORD00248,SUP003,PRD016,2026-08-15,79,5894.56,0
ORD00249,SUP011,PRD009,2026-07-13,4,12674.21,0
ORD00250,SUP020,PRD057,2026-09-02,89,14761.03,0
ORD00251,SUP008,PRD056,2026-01-01,35,5669.0,0
ORD00252,SUP003,PRD041,2026-03-08,44,13910.23,0
ORD00253,SUP011,PRD009,2026-01-01,19,12674.21,0
ORD00254,SUP008,PRD056,2026-04-24,9,5669.0,0
ORD00255,SUP016,PRD034,2026-08-21,4,3796.36,0
ORD00256,SUP019,PRD050,2026-06-29,28,8998.88,0
ORD00257,SUP015,PRD005,2026-05-21,44,9608.13,0
ORD00258,SUP005,PRD026,2026-03-09,93,9964.31,0
ORD00259,SUP007,PRD038,2026-07-18,77,3015.09,0
ORD00260,SUP011,PRD053,2025-10-27,20,13949.47,0
ORD00261,SUP010,PRD060,2026-08-13,7,9151.48,0
ORD00262,SUP008,PRD056,2026-02-17,57,5669.0,0
ORD00263,SUP017,PRD027,2026-06-06,78,13112.01,0
ORD00264,SUP017,PRD029,2026-02-17,28,6881.99,0
ORD00265,SUP016,PRD034,2025-11-28,45,3796.36,0
ORD00266,SUP002,PRD024,2026-02-23,87,3764.9,0
ORD00267,SUP018,PRD033,2026-06-07,68,2158.22,0
ORD00268,SUP005,PRD045,2025-10-24,29,3010.49,0
ORD00269,SUP018,PRD033,2026-08-03,8,2158.22,1
ORD00270,SUP007,PRD055,2026-03-04,28,7687.09,0
ORD00271,SUP005,PRD014,2026-02-08,38,7740.99,0
ORD00272,SUP004,PRD059,2025-10-04,64,13367.75,0
ORD00273,SUP003,PRD031,2025-12-29,17,10676.05,0
ORD00274,SUP015,PRD001,2026-09-26,30,8136.18,0
ORD00275,SUP017,PRD022,2026-09-08,46,13793.7,0
ORD00276,SUP011,PRD009,2025-10-22,56,12674.21,1
ORD00277,SUP009,PRD039,2025-11-09,41,7046.9,0
ORD00278,SUP003,PRD016,2026-07-21,52,5894.56,0
ORD00279,SUP011,PRD009,2026-05-02,38,12674.21,0
ORD00280,SUP005,PRD045,2025-10-11,42,3010.49,0
ORD00281,SUP001,PRD030,2026-08-13,59,8906.97,0
ORD00282,SUP007,PRD003,2026-04-04,12,10627.66,0
ORD00283,SUP001,PRD030,2025-11-24,32,8906.97,0
ORD00284,SUP011,PRD009,2026-04-24,68,12674.21,0
ORD00285,SUP003,PRD016,2026-03-08,96,5894.56,0
ORD00286,SUP007,PRD038,2026-03-20,100,3015.09,0
ORD00287,SUP018,PRD002,2026-06-19,82,4539.04,0
ORD00288,SUP017,PRD027,2026-06-19,25,13112.01,0
ORD00289,SUP016,PRD025,2026-03-28,45,12277.14,0
ORD00290,SUP003,PRD041,2026-08-27,19,13910.23,0
ORD00291,SUP008,PRD056,2025-12-14,33,5669.0,0
ORD00292,SUP013,PRD043,2026-08-05,20,231.9,0
ORD00293,SUP005,PRD045,2026-09-01,10,3010.49,0
ORD00294,SUP005,PRD026,2026-08-18,64,9964.31,0
ORD00295,SUP018,PRD033,2026-07-16,98,2158.22,0
ORD00296,SUP003,PRD016,2026-09-14,73,5894.56,0
ORD00297,SUP011,PRD009,2026-08-16,42,12674.21,0
ORD00298,SUP009,PRD012,2026-08-18,41,2266.53,0
ORD00299,SUP010,PRD060,2025-11-04,61,9151.48,0
ORD00300,SUP007,PRD003,2026-03-05,36,10627.66,0
ORD00301,SUP020,PRD021,2026-03-30,65,3143.88,0
ORD00302,SUP009,PRD039,2026-05-25,58,7046.9,1
ORD00303,SUP005,PRD026,2026-04-07,37,9964.31,0
ORD00304,SUP001,PRD030,2025-11-16,79,8906.97,0
ORD00305,SUP005,PRD015,2026-04-15,60,9486.2,0
ORD00306,SUP013,PRD037,2025-10-22,58,10977.56,0
ORD00307,SUP004,PRD035,2026-07-20,84,1634.58,0
ORD00308,SUP011,PRD009,2026-08-06,61,12674.21,0
ORD00309,SUP016,PRD034,2025-11-01,58,3796.36,0
ORD00310,SUP011,PRD053,2026-03-25,92,13949.47,0
ORD00311,SUP005,PRD014,2026-08-27,23,7740.99,1
ORD00312,SUP016,PRD042,2026-09-28,57,7324.1,0
ORD00313,SUP017,PRD048,2026-06-26,67,1385.65,0
ORD00314,SUP017,PRD048,2026-04-05,48,1385.65,0
ORD00315,SUP006,PRD020,2026-04-17,53,7713.69,0
ORD00316,SUP006,PRD007,2026-09-13,77,8105.27,1
ORD00317,SUP007,PRD006,2026-08-20,83,10118.59,0
ORD00318,SUP019,PRD051,2026-03-18,13,7937.18,0
ORD00319,SUP011,PRD010,2026-04-16,37,6137.24,0
ORD00320,SUP020,PRD021,2026-09-02,78,3143.88,0
ORD00321,SUP013,PRD037,2026-03-20,11,10977.56,0
ORD00322,SUP020,PRD054,2025-12-12,45,14977.13,0
ORD00323,SUP010,PRD060,2026-09-01,90,9151.48,0
ORD00324,SUP011,PRD032,2025-12-06,77,1248.69,0
ORD00325,SUP013,PRD037,2025-11-13,40,10977.56,0
ORD00326,SUP013,PRD043,2026-08-26,43,231.9,0
ORD00327,SUP008,PRD049,2026-09-09,90,6175.88,0
ORD00328,SUP009,PRD012,2026-09-16,68,2266.53,0
ORD00329,SUP007,PRD038,2026-09-09,55,3015.09,0
ORD00330,SUP007,PRD038,2025-10-10,47,3015.09,0
ORD00331,SUP004,PRD059,2026-01-18,44,13367.75,0
ORD00332,SUP007,PRD055,2026-06-06,25,7687.09,0
ORD00333,SUP007,PRD055,2025-12-10,20,7687.09,0
ORD00334,SUP019,PRD050,2025-11-21,65,8998.88,0
ORD00335,SUP009,PRD017,2026-06-27,5,14571.96,0
ORD00336,SUP019,PRD050,2026-08-13,17,8998.88,0
ORD00337,SUP019,PRD050,2025-12-18,21,8998.88,0
ORD00338,SUP010,PRD019,2026-09-20,99,6634.53,0
ORD00339,SUP020,PRD057,2025-12-24,93,14761.03,0
ORD00340,SUP017,PRD022,2026-04-29,47,13793.7,0
ORD00341,SUP011,PRD032,2026-01-30,57,1248.69,0
ORD00342,SUP009,PRD012,2026-05-18,30,2266.53,0
ORD00343,SUP020,PRD054,2026-03-08,61,14977.13,0
ORD00344,SUP003,PRD031,2026-01-08,48,10676.05,0
ORD00345,SUP003,PRD004,2026-07-20,57,12858.7,0
ORD00346,SUP017,PRD029,2026-02-22,100,6881.99,0
ORD00347,SUP020,PRD021,2026-06-28,54,3143.88,0
ORD00348,SUP016,PRD034,2026-01-11,78,3796.36,0
ORD00349,SUP003,PRD016,2026-02-06,7,5894.56,0
ORD00350,SUP009,PRD017,2026-04-09,71,14571.96,0
ORD00351,SUP009,PRD008,2026-09-30,67,14844.95,0
ORD00352,SUP005,PRD015,2026-02-23,11,9486.2,0
ORD00353,SUP007,PRD038,2026-02-17,58,3015.09,0
ORD00354,SUP003,PRD016,2025-12-15,56,5894.56,1
ORD00355,SUP013,PRD043,2026-01-22,58,231.9,0
ORD00356,SUP017,PRD029,2025-10-14,54,6881.99,0
ORD00357,SUP004,PRD023,2026-06-15,48,13950.66,0
ORD00358,SUP003,PRD041,2025-11-11,48,13910.23,0
ORD00359,SUP007,PRD011,2026-03-13,13,9900.49,0
ORD00360,SUP007,PRD038,2026-08-29,43,3015.09,0
ORD00361,SUP004,PRD059,2025-12-10,5,13367.75,0
ORD00362,SUP019,PRD050,2026-05-30,90,8998.88,0
ORD00363,SUP018,PRD018,2026-09-27,61,11312.99,0
ORD00364,SUP001,PRD030,2025-10-03,11,8906.97,1
ORD00365,SUP011,PRD009,2026-01-19,20,12674.21,0
ORD00366,SUP015,PRD005,2026-08-08,68,9608.13,0
ORD00367,SUP008,PRD049,2026-02-25,31,6175.88,0
ORD00368,SUP011,PRD009,2025-10-25,31,12674.21,0
ORD00369,SUP006,PRD007,2026-08-15,59,8105.27,0
ORD00370,SUP011,PRD053,2026-06-13,77,13949.47,0
ORD00371,SUP020,PRD021,2026-08-20,66,3143.88,0
ORD00372,SUP010,PRD060,2025-12-13,38,9151.48,0
ORD00373,SUP001,PRD030,2026-08-11,46,8906.97,0
ORD00374,SUP018,PRD058,2026-05-02,24,4630.81,0
ORD00375,SUP003,PRD041,2025-11-13,68,13910.23,0
ORD00376,SUP004,PRD023,2025-11-04,68,13950.66,0
ORD00377,SUP018,PRD018,2026-06-17,71,11312.99,0
ORD00378,SUP006,PRD007,2026-05-29,6,8105.27,0
ORD00379,SUP003,PRD016,2026-04-10,33,5894.56,0
ORD00380,SUP018,PRD058,2026-04-01,9,4630.81,0
ORD00381,SUP007,PRD055,2026-09-02,81,7687.09,0
ORD00382,SUP010,PRD019,2026-07-25,95,6634.53,0
ORD00383,SUP009,PRD039,2025-12-08,6,7046.9,0
ORD00384,SUP018,PRD002,2026-03-23,83,4539.04,0
ORD00385,SUP005,PRD026,2026-09-16,60,9964.31,0
ORD00386,SUP009,PRD039,2026-06-03,81,7046.9,0
ORD00387,SUP019,PRD051,2025-12-09,9,7937.18,0
ORD00388,SUP013,PRD043,2026-05-23,5,231.9,0
ORD00389,SUP005,PRD045,2025-10-23,26,3010.49,0
ORD00390,SUP005,PRD045,2026-03-11,40,3010.49,0
ORD00391,SUP019,PRD013,2026-07-06,61,6540.82,0
ORD00392,SUP011,PRD032,2026-08-28,25,1248.69,0
ORD00393,SUP019,PRD013,2025-10-25,84,6540.82,0
ORD00394,SUP017,PRD022,2025-12-03,48,13793.7,0
ORD00395,SUP020,PRD021,2026-04-23,96,3143.88,0
ORD00396,SUP013,PRD043,2026-04-16,44,231.9,0
ORD00397,SUP007,PRD055,2026-06-12,89,7687.09,0
ORD00398,SUP011,PRD010,2026-06-23,35,6137.24,0
ORD00399,SUP019,PRD051,2026-05-06,11,7937.18,0
ORD00400,SUP011,PRD010,2026-01-01,70,6137.24,0
ORD00401,SUP020,PRD021,2025-11-22,11,3143.88,0
ORD00402,SUP016,PRD034,2026-03-01,40,3796.36,0
ORD00403,SUP017,PRD029,2026-05-07,22,6881.99,0
ORD00404,SUP003,PRD004,2026-03-29,58,12858.7,1
ORD00405,SUP016,PRD034,2026-03-30,79,3796.36,0
ORD00406,SUP009,PRD012,2026-02-18,82,2266.53,0
ORD00407,SUP017,PRD027,2025-10-30,10,13112.01,0
ORD00408,SUP008,PRD052,2026-04-26,47,4131.09,0
ORD00409,SUP008,PRD052,2026-09-13,21,4131.09,0
ORD00410,SUP003,PRD041,2025-12-13,78,13910.23,0
ORD00411,SUP002,PRD024,2026-05-13,5,3764.9,0
ORD00412,SUP015,PRD036,2026-01-29,100,12984.78,0
ORD00413,SUP003,PRD004,2026-04-04,50,12858.7,0
ORD00414,SUP019,PRD050,2025-10-17,78,8998.88,0
ORD00415,SUP018,PRD040,2026-05-19,48,1649.05,0
ORD00416,SUP020,PRD054,2025-11-09,74,14977.13,0
ORD00417,SUP004,PRD035,2026-04-06,51,1634.58,0
ORD00418,SUP005,PRD026,2026-02-20,32,9964.31,0
ORD00419,SUP008,PRD049,2025-10-14,95,6175.88,0
ORD00420,SUP011,PRD009,2026-06-23,50,12674.21,0
ORD00421,SUP017,PRD027,2025-11-30,34,13112.01,0
ORD00422,SUP009,PRD039,2026-09-26,58,7046.9,0
ORD00423,SUP009,PRD017,2026-08-10,37,14571.96,0
ORD00424,SUP009,PRD012,2026-06-09,26,2266.53,0
ORD00425,SUP018,PRD033,2025-11-07,58,2158.22,0
ORD00426,SUP015,PRD005,2026-05-16,12,9608.13,0
ORD00427,SUP009,PRD017,2026-03-13,86,14571.96,0
ORD00428,SUP015,PRD005,2025-11-03,71,9608.13,0
ORD00429,SUP013,PRD037,2026-03-03,21,10977.56,0
ORD00430,SUP015,PRD005,2026-09-24,82,9608.13,0
ORD00431,SUP009,PRD039,2026-04-04,66,7046.9,0
ORD00432,SUP019,PRD013,2026-01-11,18,6540.82,0
ORD00433,SUP017,PRD029,2026-06-10,4,6881.99,0
ORD00434,SUP004,PRD035,2026-07-21,48,1634.58,0
ORD00435,SUP017,PRD022,2026-07-10,17,13793.7,0
ORD00436,SUP007,PRD055,2025-11-14,9,7687.09,0
ORD00437,SUP008,PRD056,2026-06-03,68,5669.0,0
ORD00438,SUP017,PRD022,2026-04-28,74,13793.7,0
ORD00439,SUP003,PRD041,2026-03-12,83,13910.23,1
ORD00440,SUP018,PRD046,2026-05-27,88,1102.17,0
ORD00441,SUP004,PRD035,2025-12-05,100,1634.58,0
ORD00442,SUP007,PRD003,2026-07-28,24,10627.66,0
ORD00443,SUP005,PRD015,2025-12-06,56,9486.2,0
ORD00444,SUP001,PRD030,2025-10-29,16,8906.97,0
ORD00445,SUP016,PRD034,2026-03-05,22,3796.36,0
ORD00446,SUP019,PRD013,2026-09-29,29,6540.82,0
ORD00447,SUP017,PRD027,2026-06-23,37,13112.01,0
ORD00448,SUP009,PRD017,2026-02-06,26,14571.96,0
ORD00449,SUP018,PRD018,2026-07-10,36,11312.99,0
ORD00450,SUP018,PRD033,2026-03-05,79,2158.22,0
ORD00451,SUP005,PRD015,2026-06-15,83,9486.2,0
ORD00452,SUP018,PRD058,2026-07-25,20,4630.81,0
ORD00453,SUP007,PRD038,2026-08-16,93,3015.09,0
ORD00454,SUP007,PRD003,2026-03-22,73,10627.66,1
ORD00455,SUP019,PRD013,2025-10-15,11,6540.82,0
ORD00456,SUP007,PRD011,2026-08-25,99,9900.49,0
ORD00457,SUP019,PRD013,2026-08-30,27,6540.82,0
ORD00458,SUP007,PRD006,2026-05-02,80,10118.59,0
ORD00459,SUP018,PRD046,2026-06-12,81,1102.17,0
ORD00460,SUP011,PRD010,2026-08-25,39,6137.24,0
ORD00461,SUP007,PRD011,2026-09-16,52,9900.49,0
ORD00462,SUP007,PRD003,2025-11-07,89,10627.66,1
ORD00463,SUP015,PRD001,2026-05-14,54,8136.18,0
ORD00464,SUP005,PRD015,2026-01-13,44,9486.2,0
ORD00465,SUP013,PRD043,2026-03-10,92,231.9,0
ORD00466,SUP005,PRD045,2026-03-26,52,3010.49,0
ORD00467,SUP006,PRD007,2026-04-08,66,8105.27,0
ORD00468,SUP014,PRD044,2026-03-13,31,10509.55,0
ORD00469,SUP004,PRD023,2026-02-14,58,13950.66,0
ORD00470,SUP011,PRD053,2025-11-19,7,13949.47,0
ORD00471,SUP016,PRD047,2026-04-15,79,7642.19,0
ORD00472,SUP009,PRD012,2025-12-21,42,2266.53,0
ORD00473,SUP018,PRD033,2026-03-10,25,2158.22,0
ORD00474,SUP017,PRD029,2026-06-13,66,6881.99,0
ORD00475,SUP006,PRD020,2026-03-07,64,7713.69,1
ORD00476,SUP020,PRD021,2026-04-20,65,3143.88,0
ORD00477,SUP007,PRD006,2026-02-01,28,10118.59,0
ORD00478,SUP009,PRD039,2025-10-25,7,7046.9,0
ORD00479,SUP006,PRD020,2026-08-02,84,7713.69,0
ORD00480,SUP005,PRD026,2026-02-24,69,9964.31,1
ORD00481,SUP019,PRD051,2025-11-25,56,7937.18,0
ORD00482,SUP001,PRD030,2026-02-13,94,8906.97,0
ORD00483,SUP008,PRD049,2026-04-25,47,6175.88,1
ORD00484,SUP001,PRD030,2025-10-27,73,8906.97,0
ORD00485,SUP018,PRD033,2026-04-04,71,2158.22,0
ORD00486,SUP020,PRD054,2026-04-16,65,14977.13,0
ORD00487,SUP014,PRD044,2026-07-09,36,10509.55,0
ORD00488,SUP015,PRD001,2026-08-16,88,8136.18,0
ORD00489,SUP004,PRD035,2025-12-05,13,1634.58,0
ORD00490,SUP010,PRD060,2026-03-23,72,9151.48,0
ORD00491,SUP009,PRD012,2025-12-13,26,2266.53,0
ORD00492,SUP017,PRD029,2026-04-24,65,6881.99,0
ORD00493,SUP006,PRD020,2025-10-20,18,7713.69,0
ORD00494,SUP015,PRD005,2026-05-31,67,9608.13,0
ORD00495,SUP011,PRD010,2026-08-07,66,6137.24,0
ORD00496,SUP003,PRD041,2026-08-10,41,13910.23,0
ORD00497,SUP008,PRD049,2026-08-12,95,6175.88,0
ORD00498,SUP005,PRD045,2026-07-31,44,3010.49,0
ORD00499,SUP005,PRD014,2026-06-18,69,7740.99,0
ORD00500,SUP020,PRD057,2026-07-16,39,14761.03,0
ORD00501,SUP019,PRD050,2025-10-09,48,8998.88,0
ORD00502,SUP016,PRD025,2025-11-26,54,12277.14,0
ORD00503,SUP003,PRD004,2026-09-18,81,12858.7,1
ORD00504,SUP016,PRD047,2026-05-31,34,7642.19,0
ORD00505,SUP010,PRD019,2026-07-24,74,6634.53,0
ORD00506,SUP011,PRD010,2025-10-27,75,6137.24,0
ORD00507,SUP019,PRD050,2026-06-26,81,8998.88,0
ORD00508,SUP013,PRD037,2026-04-13,19,10977.56,0
ORD00509,SUP018,PRD002,2026-02-02,5,4539.04,0
ORD00510,SUP016,PRD042,2026-09-24,15,7324.1,0
ORD00511,SUP020,PRD054,2026-05-14,41,14977.13,0
ORD00512,SUP007,PRD011,2026-04-30,89,9900.49,0
ORD00513,SUP020,PRD057,2026-06-14,100,14761.03,0
ORD00514,SUP006,PRD020,2026-05-30,95,7713.69,0
ORD00515,SUP010,PRD060,2026-09-27,18,9151.48,0
ORD00516,SUP006,PRD020,2026-07-15,42,7713.69,0
ORD00517,SUP020,PRD057,2026-06-02,68,14761.03,0
ORD00518,SUP003,PRD016,2025-12-28,59,5894.56,0
ORD00519,SUP014,PRD044,2026-03-25,70,10509.55,0
ORD00520,SUP009,PRD017,2026-09-14,83,14571.96,0
ORD00521,SUP007,PRD006,2026-02-13,79,10118.59,0
ORD00522,SUP018,PRD033,2026-02-04,36,2158.22,0
ORD00523,SUP003,PRD004,2026-01-24,39,12858.7,0
ORD00524,SUP010,PRD019,2026-09-26,27,6634.53,0
ORD00525,SUP016,PRD025,2026-06-08,41,12277.14,0
ORD00526,SUP015,PRD005,2026-07-14,93,9608.13,0
ORD00527,SUP015,PRD036,2025-12-02,74,12984.78,0
ORD00528,SUP017,PRD027,2026-04-13,51,13112.01,0
ORD00529,SUP006,PRD020,2025-12-14,38,7713.69,1
ORD00530,SUP001,PRD030,2025-11-10,45,8906.97,0
ORD00531,SUP007,PRD028,2026-09-01,33,10751.64,0
ORD00532,SUP004,PRD035,2026-01-18,26,1634.58,0
ORD00533,SUP005,PRD026,2026-02-16,72,9964.31,0
ORD00534,SUP009,PRD039,2025-12-10,14,7046.9,0
ORD00535,SUP005,PRD015,2026-07-28,31,9486.2,0
ORD00536,SUP016,PRD034,2026-09-08,68,3796.36,0
ORD00537,SUP020,PRD054,2026-01-28,7,14977.13,0
ORD00538,SUP018,PRD018,2026-03-19,92,11312.99,0
ORD00539,SUP014,PRD044,2026-09-14,99,10509.55,0
ORD00540,SUP006,PRD020,2026-07-09,21,7713.69,0
ORD00541,SUP009,PRD017,2026-06-01,62,14571.96,0
ORD00542,SUP016,PRD047,2026-02-25,42,7642.19,0
ORD00543,SUP003,PRD004,2025-10-31,99,12858.7,1
ORD00544,SUP001,PRD030,2026-07-21,30,8906.97,0
ORD00545,SUP001,PRD030,2025-10-20,23,8906.97,0
ORD00546,SUP016,PRD042,2025-12-30,5,7324.1,0
ORD00547,SUP008,PRD052,2026-04-22,64,4131.09,0
ORD00548,SUP010,PRD060,2026-02-26,5,9151.48,1
ORD00549,SUP001,PRD030,2026-07-18,78,8906.97,1
ORD00550,SUP020,PRD021,2026-03-21,37,3143.88,0
ORD00551,SUP011,PRD053,2026-08-25,70,13949.47,0
ORD00552,SUP017,PRD027,2025-12-08,65,13112.01,0
ORD00553,SUP011,PRD053,2026-01-07,15,13949.47,0
ORD00554,SUP011,PRD009,2026-05-23,83,12674.21,0
ORD00555,SUP011,PRD053,2026-01-04,2,13949.47,0
ORD00556,SUP016,PRD047,2026-03-01,73,7642.19,0
ORD00557,SUP005,PRD026,2026-01-07,23,9964.31,0
ORD00558,SUP011,PRD010,2026-08-24,52,6137.24,0
ORD00559,SUP016,PRD047,2026-06-21,42,7642.19,0
ORD00560,SUP019,PRD013,2026-09-08,13,6540.82,0
ORD00561,SUP007,PRD028,2025-12-11,62,10751.64,0
ORD00562,SUP005,PRD026,2026-02-05,1,9964.31,0
ORD00563,SUP018,PRD058,2026-01-29,58,4630.81,0
ORD00564,SUP020,PRD054,2026-03-18,39,14977.13,0
ORD00565,SUP018,PRD018,2026-07-21,2,11312.99,0
ORD00566,SUP009,PRD017,2026-04-03,89,14571.96,0
ORD00567,SUP006,PRD020,2026-09-07,16,7713.69,0
ORD00568,SUP006,PRD007,2025-12-21,52,8105.27,0
ORD00569,SUP013,PRD037,2026-09-26,99,10977.56,0
ORD00570,SUP005,PRD045,2025-11-30,82,3010.49,0
ORD00571,SUP019,PRD051,2026-03-01,48,7937.18,0
ORD00572,SUP004,PRD035,2026-01-21,18,1634.58,0
ORD00573,SUP005,PRD026,2026-05-21,96,9964.31,0
ORD00574,SUP007,PRD006,2026-04-10,54,10118.59,0
ORD00575,SUP016,PRD047,2026-05-30,97,7642.19,0
ORD00576,SUP002,PRD024,2026-09-06,28,3764.9,0
ORD00577,SUP009,PRD039,2026-09-14,97,7046.9,0
ORD00578,SUP005,PRD014,2025-11-11,68,7740.99,0
ORD00579,SUP019,PRD013,2026-09-26,47,6540.82,0
ORD00580,SUP009,PRD039,2026-07-16,15,7046.9,0
ORD00581,SUP018,PRD033,2026-07-08,65,2158.22,0
ORD00582,SUP005,PRD015,2026-07-02,20,9486.2,0
ORD00583,SUP017,PRD029,2026-06-24,57,6881.99,0
ORD00584,SUP006,PRD007,2026-01-14,92,8105.27,0
ORD00585,SUP009,PRD008,2025-11-16,66,14844.95,0
ORD00586,SUP015,PRD036,2025-10-29,59,12984.78,0
ORD00587,SUP003,PRD004,2026-05-01,59,12858.7,0
ORD00588,SUP003,PRD041,2026-07-14,60,13910.23,0
ORD00589,SUP003,PRD031,2026-03-07,93,10676.05,1
ORD00590,SUP003,PRD041,2026-02-08,1,13910.23,0
ORD00591,SUP005,PRD014,2026-07-24,10,7740.99,1
ORD00592,SUP015,PRD005,2026-03-26,90,9608.13,0
ORD00593,SUP006,PRD007,2025-10-31,9,8105.27,0
ORD00594,SUP003,PRD016,2026-05-30,5,5894.56,0
ORD00595,SUP016,PRD025,2026-01-01,99,12277.14,0
ORD00596,SUP018,PRD058,2026-08-25,94,4630.81,0
ORD00597,SUP018,PRD033,2026-05-04,48,2158.22,0
ORD00598,SUP016,PRD034,2026-04-14,58,3796.36,0
ORD00599,SUP020,PRD054,2026-04-12,49,14977.13,0
ORD00600,SUP007,PRD003,2026-09-04,70,10627.66,0
