shipment_id,order_id,supplier_id,product_id,origin,destination,order_date,expected_delivery_date,actual_delivery_date,delivery_status,delay_days
SHP00001,ORD00001,SUP018,PRD046,Bengaluru,Pune,2026-04-11,2026-04-19,2026-04-19,On Time,0
SHP00002,ORD00002,SUP019,PRD050,Bengaluru,Delhi,2026-01-10,2026-01-19,2026-01-19,On Time,0
SHP00003,ORD00003,SUP018,PRD002,Bengaluru,Hyderabad,2026-08-18,2026-08-24,2026-08-26,Delayed,2
SHP00004,ORD00004,SUP018,PRD033,Bengaluru,Delhi,2026-03-04,2026-03-11,2026-03-11,On Time,0
SHP00005,ORD00005,SUP018,PRD046,Bengaluru,Bengaluru,2025-12-01,2025-12-10,2025-12-10,On Time,0
SHP00006,ORD00006,SUP008,PRD056,Mumbai,Bengaluru,2026-03-27,2026-04-02,2026-04-03,Delayed,1
SHP00007,ORD00007,SUP009,PRD012,Hyderabad,Delhi,2026-04-08,2026-04-15,2026-04-15,On Time,0
SHP00008,ORD00008,SUP015,PRD036,Delhi,Delhi,2026-03-24,2026-03-28,2026-03-28,On Time,0
SHP00009,ORD00009,SUP010,PRD019,Mumbai,Hyderabad,2026-06-08,2026-06-17,2026-06-18,Delayed,1
SHP00010,ORD00010,SUP018,PRD002,Bengaluru,Hyderabad,2026-04-04,2026-04-10,2026-04-10,On Time,0
SHP00011,ORD00011,SUP009,PRD017,Hyderabad,Delhi,2026-05-24,2026-05-27,2026-05-28,Delayed,1
SHP00012,ORD00012,SUP011,PRD010,Ahmedabad,Hyderabad,2025-12-30,2026-01-02,2026-01-02,On Time,0
SHP00013,ORD00013,SUP006,PRD007,Ahmedabad,Pune,2026-08-30,2026-09-08,2026-09-09,Delayed,1
SHP00014,ORD00014,SUP020,PRD057,Delhi,Hyderabad,2026-07-03,2026-07-09,2026-07-10,Delayed,1
SHP00015,ORD00015,SUP013,PRD037,Pune,Chennai,2026-05-12,2026-05-17,2026-05-17,On Time,0
SHP00016,ORD00016,SUP009,PRD017,Hyderabad,Delhi,2026-03-15,2026-03-21,2026-03-24,Delayed,3
SHP00017,ORD00017,SUP009,PRD039,Hyderabad,Delhi,2025-11-14,2025-11-22,2025-11-24,Delayed,2
SHP00018,ORD00018,SUP005,PRD045,Bengaluru,Bengaluru,2026-02-02,2026-02-10,2026-02-10,On Time,0
SHP00019,ORD00019,SUP005,PRD015,Bengaluru,Chennai,2026-08-09,2026-08-15,2026-08-16,Delayed,1
SHP00020,ORD00020,SUP013,PRD043,Pune,Pune,2025-10-15,2025-10-18,2025-10-19,Delayed,1
SHP00021,ORD00021,SUP016,PRD025,Chennai,Mumbai,2026-01-02,2026-01-07,2026-01-08,Delayed,1
SHP00022,ORD00022,SUP017,PRD029,Delhi,Chennai,2026-02-10,2026-02-20,2026-02-20,On Time,0
SHP00023,ORD00023,SUP013,PRD037,Pune,Chennai,2026-08-02,2026-08-11,2026-08-12,Delayed,1
SHP00024,ORD00024,SUP017,PRD048,Delhi,Chennai,2026-07-12,2026-07-21,2026-07-21,On Time,0
SHP00025,ORD00025,SUP017,PRD048,Delhi,Pune,2026-01-06,2026-01-15,2026-01-15,On Time,0
SHP00026,ORD00026,SUP003,PRD016,Mumbai,Bengaluru,2026-04-27,2026-05-07,2026-05-08,Delayed,1
SHP00027,ORD00027,SUP007,PRD028,Hyderabad,Bengaluru,2026-02-01,2026-02-08,2026-02-11,Delayed,3
SHP00028,ORD00028,SUP007,PRD011,Hyderabad,Pune,2026-09-30,2026-10-10,2026-10-15,Delayed,5
SHP00029,ORD00029,SUP019,PRD013,Bengaluru,Pune,2025-10-09,2025-10-18,2025-10-21,Delayed,3
SHP00030,ORD00030,SUP003,PRD041,Mumbai,Chennai,2026-04-26,2026-05-01,2026-05-03,Delayed,2
SHP00031,ORD00031,SUP011,PRD010,Ahmedabad,Hyderabad,2026-09-05,2026-09-11,2026-09-11,On Time,0
SHP00032,ORD00032,SUP007,PRD028,Hyderabad,Hyderabad,2026-07-11,2026-07-21,2026-07-24,Delayed,3
SHP00033,ORD00033,SUP019,PRD051,Bengaluru,Mumbai,2026-07-09,2026-07-15,2026-07-15,On Time,0
SHP00034,ORD00034,SUP017,PRD022,Delhi,Bengaluru,2026-05-21,2026-05-24,2026-05-26,Delayed,2
SHP00035,ORD00035,SUP020,PRD021,Delhi,Chennai,2026-01-27,2026-02-02,2026-02-02,On Time,0
SHP00036,ORD00036,SUP019,PRD013,Bengaluru,Hyderabad,2026-03-11,2026-03-18,2026-03-21,Delayed,3
SHP00037,ORD00037,SUP013,PRD043,Pune,Delhi,2026-09-19,2026-09-25,2026-09-28,Delayed,3
SHP00038,ORD00038,SUP009,PRD017,Hyderabad,Mumbai,2026-06-05,2026-06-09,2026-06-11,Delayed,2
SHP00039,ORD00039,SUP015,PRD036,Delhi,Delhi,2026-06-26,2026-07-02,2026-07-03,Delayed,1
SHP00040,ORD00040,SUP019,PRD013,Bengaluru,Bengaluru,2025-11-21,2025-11-27,2025-11-27,On Time,0
SHP00041,ORD00041,SUP005,PRD015,Bengaluru,Mumbai,2026-04-03,2026-04-11,2026-04-14,Delayed,3
SHP00042,ORD00042,SUP003,PRD016,Mumbai,Chennai,2026-09-28,2026-10-08,2026-10-11,Delayed,3
SHP00043,ORD00043,SUP014,PRD044,Chennai,Pune,2025-10-24,2025-10-31,2025-10-31,On Time,0
SHP00044,ORD00044,SUP014,PRD044,Chennai,Delhi,2026-09-23,2026-10-03,2026-10-03,On Time,0
SHP00045,ORD00045,SUP011,PRD009,Ahmedabad,Chennai,2026-06-09,2026-06-19,2026-06-20,Delayed,1
SHP00046,ORD00046,SUP008,PRD049,Mumbai,Mumbai,2026-07-21,2026-07-27,2026-07-28,Delayed,1
SHP00047,ORD00047,SUP017,PRD027,Delhi,Bengaluru,2026-05-14,2026-05-17,2026-05-18,Delayed,1
SHP00048,ORD00048,SUP005,PRD026,Bengaluru,Pune,2025-10-27,2025-11-01,2025-11-01,On Time,0
SHP00049,ORD00049,SUP016,PRD042,Chennai,Bengaluru,2026-06-02,2026-06-11,2026-06-11,On Time,0
SHP00050,ORD00050,SUP010,PRD060,Mumbai,Pune,2026-04-24,2026-05-02,2026-05-02,On Time,0
SHP00051,ORD00051,SUP006,PRD007,Ahmedabad,Delhi,2026-08-19,2026-08-25,2026-08-26,Delayed,1
SHP00052,ORD00052,SUP010,PRD019,Mumbai,Mumbai,2025-12-16,2025-12-24,2025-12-24,On Time,0
SHP00053,ORD00053,SUP011,PRD053,Ahmedabad,Delhi,2025-11-13,2025-11-23,2025-11-23,On Time,0
SHP00054,ORD00054,SUP017,PRD027,Delhi,Delhi,2026-05-02,2026-05-10,2026-05-10,On Time,0
SHP00055,ORD00055,SUP007,PRD038,Hyderabad,Pune,2026-08-13,2026-08-23,2026-08-23,On Time,0
SHP00056,ORD00056,SUP003,PRD016,Mumbai,Hyderabad,2026-04-13,2026-04-16,2026-04-19,Delayed,3
SHP00057,ORD00057,SUP004,PRD023,Bengaluru,Mumbai,2026-03-02,2026-03-05,2026-03-10,Delayed,5
SHP00058,ORD00058,SUP005,PRD026,Bengaluru,Bengaluru,2026-03-06,2026-03-11,2026-03-14,Delayed,3
SHP00059,ORD00059,SUP019,PRD050,Bengaluru,Hyderabad,2026-08-09,2026-08-13,2026-08-14,Delayed,1
SHP00060,ORD00060,SUP011,PRD032,Ahmedabad,Chennai,2026-01-15,2026-01-21,2026-01-21,On Time,0
SHP00061,ORD00061,SUP006,PRD007,Ahmedabad,Delhi,2026-09-04,2026-09-07,2026-09-09,Delayed,2
SHP00062,ORD00062,SUP019,PRD051,Bengaluru,Hyderabad,2025-12-28,2026-01-07,2026-01-08,Delayed,1
SHP00063,ORD00063,SUP002,PRD024,Pune,Mumbai,2025-10-02,2025-10-05,2025-10-08,Delayed,3
SHP00064,ORD00064,SUP011,PRD009,Ahmedabad,Delhi,2026-08-01,2026-08-04,2026-08-04,On Time,0
SHP00065,ORD00065,SUP005,PRD026,Bengaluru,Chennai,2026-01-27,2026-02-03,2026-02-04,Delayed,1
SHP00066,ORD00066,SUP016,PRD047,Chennai,Delhi,2026-09-25,2026-09-28,2026-09-28,On Time,0
SHP00067,ORD00067,SUP003,PRD041,Mumbai,Bengaluru,2026-01-28,2026-02-06,2026-02-11,Delayed,5
SHP00068,ORD00068,SUP016,PRD025,Chennai,Pune,2026-08-17,2026-08-21,2026-08-24,Delayed,3
SHP00069,ORD00069,SUP009,PRD017,Hyderabad,Pune,2026-01-10,2026-01-15,2026-01-15,On Time,0
SHP00070,ORD00070,SUP011,PRD009,Ahmedabad,Chennai,2026-01-24,2026-01-31,2026-02-02,Delayed,2
SHP00071,ORD00071,SUP007,PRD028,Hyderabad,Mumbai,2026-02-14,2026-02-23,2026-02-23,On Time,0
SHP00072,ORD00072,SUP002,PRD024,Pune,Delhi,2025-12-24,2026-01-03,2026-01-06,Delayed,3
SHP00073,ORD00073,SUP016,PRD034,Chennai,Hyderabad,2026-07-19,2026-07-25,2026-07-25,On Time,0
SHP00074,ORD00074,SUP007,PRD011,Hyderabad,Mumbai,2026-05-28,2026-05-31,2026-05-31,On Time,0
SHP00075,ORD00075,SUP009,PRD017,Hyderabad,Hyderabad,2026-04-25,2026-05-04,2026-05-05,Delayed,1
SHP00076,ORD00076,SUP011,PRD053,Ahmedabad,Hyderabad,2026-06-10,2026-06-13,2026-06-14,Delayed,1
SHP00077,ORD00077,SUP009,PRD012,Hyderabad,Delhi,2025-10-21,2025-10-31,2025-11-03,Delayed,3
SHP00078,ORD00078,SUP018,PRD002,Bengaluru,Hyderabad,2026-08-06,2026-08-14,2026-08-15,Delayed,1
SHP00079,ORD00079,SUP010,PRD060,Mumbai,Delhi,2026-01-26,2026-01-29,2026-01-29,On Time,0
SHP00080,ORD00080,SUP001,PRD030,Bengaluru,Hyderabad,2026-07-22,2026-08-01,2026-08-02,Delayed,1
SHP00081,ORD00081,SUP018,PRD040,Bengaluru,Pune,2026-09-10,2026-09-17,2026-09-19,Delayed,2
SHP00082,ORD00082,SUP018,PRD018,Bengaluru,Chennai,2025-12-29,2026-01-01,2026-01-01,On Time,0
SHP00083,ORD00083,SUP010,PRD019,Mumbai,Pune,2026-05-15,2026-05-18,2026-05-21,Delayed,3
SHP00084,ORD00084,SUP003,PRD031,Mumbai,Delhi,2026-07-27,2026-08-01,2026-08-06,Delayed,5
SHP00085,ORD00085,SUP019,PRD051,Bengaluru,Chennai,2026-06-09,2026-06-18,2026-06-21,Delayed,3
SHP00086,ORD00086,SUP008,PRD052,Mumbai,Pune,2026-04-28,2026-05-03,2026-05-04,Delayed,1
SHP00087,ORD00087,SUP006,PRD020,Ahmedabad,Pune,2025-11-23,2025-12-02,2025-12-04,Delayed,2
SHP00088,ORD00088,SUP007,PRD011,Hyderabad,Delhi,2026-09-21,2026-09-29,2026-09-30,Delayed,1
SHP00089,ORD00089,SUP008,PRD049,Mumbai,Delhi,2026-04-24,2026-04-29,2026-05-02,Delayed,3
SHP00090,ORD00090,SUP015,PRD036,Delhi,Chennai,2026-05-21,2026-05-25,2026-05-25,On Time,0
SHP00091,ORD00091,SUP016,PRD025,Chennai,Bengaluru,2026-03-15,2026-03-18,2026-03-18,On Time,0
SHP00092,ORD00092,SUP004,PRD023,Bengaluru,Pune,2026-04-25,2026-04-29,2026-05-01,Delayed,2
SHP00093,ORD00093,SUP007,PRD028,Hyderabad,Chennai,2025-10-01,2025-10-10,2025-10-17,Delayed,7
SHP00094,ORD00094,SUP016,PRD042,Chennai,Mumbai,2026-05-25,2026-05-28,2026-05-29,Delayed,1
SHP00095,ORD00095,SUP008,PRD049,Mumbai,Pune,2026-06-23,2026-07-03,2026-07-03,On Time,0
SHP00096,ORD00096,SUP011,PRD009,Ahmedabad,Delhi,2026-06-13,2026-06-22,2026-06-22,On Time,0
SHP00097,ORD00097,SUP007,PRD038,Hyderabad,Pune,2025-10-27,2025-11-05,2025-11-05,On Time,0
SHP00098,ORD00098,SUP020,PRD021,Delhi,Delhi,2025-12-07,2025-12-14,2025-12-16,Delayed,2
SHP00099,ORD00099,SUP009,PRD012,Hyderabad,Bengaluru,2026-09-23,2026-09-27,2026-09-27,On Time,0
SHP00100,ORD00100,SUP004,PRD035,Bengaluru,Delhi,2026-08-19,2026-08-28,2026-09-02,Delayed,5
SHP00101,ORD00101,SUP016,PRD034,Chennai,Chennai,2026-09-29,2026-10-04,2026-10-05,Delayed,1
SHP00102,ORD00102,SUP013,PRD043,Pune,Hyderabad,2025-10-08,2025-10-16,2025-10-16,On Time,0
SHP00103,ORD00103,SUP020,PRD021,Delhi,Chennai,2026-01-24,2026-01-31,2026-01-31,On Time,0
SHP00104,ORD00104,SUP014,PRD044,Chennai,Bengaluru,2025-11-30,2025-12-04,2025-12-04,On Time,0
SHP00105,ORD00105,SUP011,PRD032,Ahmedabad,Pune,2026-06-13,2026-06-22,2026-06-22,On Time,0
SHP00106,ORD00106,SUP006,PRD007,Ahmedabad,Hyderabad,2026-09-27,2026-10-06,2026-10-06,On Time,0
SHP00107,ORD00107,SUP014,PRD044,Chennai,Pune,2026-06-05,2026-06-13,2026-06-14,Delayed,1
SHP00108,ORD00108,SUP017,PRD029,Delhi,Hyderabad,2026-07-10,2026-07-18,2026-07-20,Delayed,2
SHP00109,ORD00109,SUP007,PRD011,Hyderabad,Hyderabad,2026-08-03,2026-08-10,2026-08-11,Delayed,1
SHP00110,ORD00110,SUP004,PRD059,Bengaluru,Bengaluru,2025-12-09,2025-12-15,2025-12-18,Delayed,3
SHP00111,ORD00111,SUP009,PRD008,Hyderabad,Chennai,2026-05-01,2026-05-10,2026-05-10,On Time,0
SHP00112,ORD00112,SUP001,PRD030,Bengaluru,Bengaluru,2026-06-17,2026-06-24,2026-06-25,Delayed,1
SHP00113,ORD00113,SUP019,PRD050,Bengaluru,Chennai,2026-02-22,2026-02-26,2026-02-26,On Time,0
SHP00114,ORD00114,SUP009,PRD008,Hyderabad,Hyderabad,2026-07-28,2026-08-06,2026-08-06,On Time,0
SHP00115,ORD00115,SUP016,PRD042,Chennai,Bengaluru,2026-06-08,2026-06-16,2026-06-16,On Time,0
SHP00116,ORD00116,SUP009,PRD012,Hyderabad,Bengaluru,2026-06-05,2026-06-15,2026-06-17,Delayed,2
SHP00117,ORD00117,SUP011,PRD009,Ahmedabad,Chennai,2026-07-06,2026-07-16,2026-07-16,On Time,0
SHP00118,ORD00118,SUP007,PRD006,Hyderabad,Chennai,2026-03-14,2026-03-17,2026-03-22,Delayed,5
SHP00119,ORD00119,SUP001,PRD030,Bengaluru,Chennai,2026-01-31,2026-02-09,2026-02-14,Delayed,5
SHP00120,ORD00120,SUP013,PRD043,Pune,Delhi,2026-04-29,2026-05-09,2026-05-09,On Time,0
SHP00121,ORD00121,SUP017,PRD022,Delhi,Pune,2026-05-31,2026-06-05,2026-06-05,On Time,0
SHP00122,ORD00122,SUP011,PRD010,Ahmedabad,Bengaluru,2026-04-14,2026-04-20,2026-04-20,On Time,0
SHP00123,ORD00123,SUP015,PRD005,Delhi,Chennai,2026-08-30,2026-09-08,2026-09-11,Delayed,3
SHP00124,ORD00124,SUP009,PRD039,Hyderabad,Bengaluru,2025-10-19,2025-10-29,2025-11-05,Delayed,7
SHP00125,ORD00125,SUP008,PRD056,Mumbai,Mumbai,2026-07-30,2026-08-07,2026-08-08,Delayed,1
SHP00126,ORD00126,SUP003,PRD031,Mumbai,Pune,2026-05-14,2026-05-22,2026-05-22,On Time,0
SHP00127,ORD00127,SUP015,PRD005,Delhi,Pune,2026-05-22,2026-05-28,2026-05-29,Delayed,1
SHP00128,ORD00128,SUP007,PRD038,Hyderabad,Pune,2026-04-28,2026-05-03,2026-05-05,Delayed,2
SHP00129,ORD00129,SUP011,PRD032,Ahmedabad,Mumbai,2025-11-08,2025-11-11,2025-11-14,Delayed,3
SHP00130,ORD00130,SUP013,PRD037,Pune,Chennai,2026-02-13,2026-02-19,2026-02-19,On Time,0
SHP00131,ORD00131,SUP017,PRD048,Delhi,Mumbai,2026-04-22,2026-04-26,2026-04-28,Delayed,2
SHP00132,ORD00132,SUP010,PRD060,Mumbai,Chennai,2026-03-18,2026-03-28,2026-03-28,On Time,0
SHP00133,ORD00133,SUP003,PRD016,Mumbai,Bengaluru,2026-04-13,2026-04-19,2026-04-20,Delayed,1
SHP00134,ORD00134,SUP020,PRD054,Delhi,Hyderabad,2026-06-07,2026-06-16,2026-06-17,Delayed,1
SHP00135,ORD00135,SUP011,PRD032,Ahmedabad,Mumbai,2025-11-05,2025-11-15,2025-11-20,Delayed,5
SHP00136,ORD00136,SUP009,PRD039,Hyderabad,Delhi,2026-02-25,2026-03-06,2026-03-07,Delayed,1
SHP00137,ORD00137,SUP013,PRD037,Pune,Chennai,2026-05-11,2026-05-20,2026-05-20,On Time,0
SHP00138,ORD00138,SUP015,PRD001,Delhi,Bengaluru,2026-09-26,2026-09-30,2026-09-30,On Time,0
SHP00139,ORD00139,SUP005,PRD014,Bengaluru,Pune,2026-09-21,2026-09-29,2026-09-29,On Time,0
SHP00140,ORD00140,SUP010,PRD019,Mumbai,Delhi,2025-10-24,2025-10-27,2025-10-28,Delayed,1
SHP00141,ORD00141,SUP020,PRD057,Delhi,Chennai,2026-02-28,2026-03-09,2026-03-12,Delayed,3
SHP00142,ORD00142,SUP008,PRD056,Mumbai,Hyderabad,2025-12-14,2025-12-23,2025-12-23,On Time,0
SHP00143,ORD00143,SUP009,PRD017,Hyderabad,Delhi,2026-07-17,2026-07-24,2026-07-24,On Time,0
SHP00144,ORD00144,SUP003,PRD041,Mumbai,Mumbai,2025-12-27,2026-01-02,2026-01-04,Delayed,2
SHP00145,ORD00145,SUP004,PRD059,Bengaluru,Pune,2026-04-14,2026-04-24,2026-04-29,Delayed,5
SHP00146,ORD00146,SUP015,PRD005,Delhi,Hyderabad,2026-06-12,2026-06-17,2026-06-17,On Time,0
SHP00147,ORD00147,SUP016,PRD025,Chennai,Mumbai,2026-05-25,2026-06-04,2026-06-04,On Time,0
SHP00148,ORD00148,SUP009,PRD039,Hyderabad,Delhi,2026-02-08,2026-02-12,2026-02-12,On Time,0
SHP00149,ORD00149,SUP001,PRD030,Bengaluru,Chennai,2026-05-27,2026-06-01,2026-06-03,Delayed,2
SHP00150,ORD00150,SUP006,PRD007,Ahmedabad,Pune,2025-12-20,2025-12-30,2026-01-02,Delayed,3
SHP00151,ORD00151,SUP013,PRD037,Pune,Hyderabad,2026-03-26,2026-04-05,2026-04-05,On Time,0
SHP00152,ORD00152,SUP004,PRD059,Bengaluru,Mumbai,2026-05-06,2026-05-16,2026-05-21,Delayed,5
SHP00153,ORD00153,SUP006,PRD007,Ahmedabad,Hyderabad,2026-03-04,2026-03-12,2026-03-12,On Time,0
SHP00154,ORD00154,SUP016,PRD025,Chennai,Chennai,2026-06-05,2026-06-09,2026-06-09,On Time,0
SHP00155,ORD00155,SUP016,PRD047,Chennai,Bengaluru,2026-07-20,2026-07-24,2026-07-25,Delayed,1
SHP00156,ORD00156,SUP019,PRD050,Bengaluru,Pune,2026-09-24,2026-09-30,2026-09-30,On Time,0
SHP00157,ORD00157,SUP007,PRD003,Hyderabad,Mumbai,2026-09-03,2026-09-08,2026-09-09,Delayed,1
SHP00158,ORD00158,SUP008,PRD052,Mumbai,Mumbai,2026-07-17,2026-07-27,2026-07-27,On Time,0
SHP00159,ORD00159,SUP016,PRD047,Chennai,Delhi,2025-10-26,2025-10-31,2025-10-31,On Time,0
SHP00160,ORD00160,SUP001,PRD030,Bengaluru,Delhi,2026-02-24,2026-03-05,2026-03-07,Delayed,2
SHP00161,ORD00161,SUP001,PRD030,Bengaluru,Mumbai,2026-08-07,2026-08-13,2026-08-15,Delayed,2
SHP00162,ORD00162,SUP005,PRD015,Bengaluru,Bengaluru,2026-01-06,2026-01-15,2026-01-15,On Time,0
SHP00163,ORD00163,SUP015,PRD005,Delhi,Delhi,2026-09-03,2026-09-09,2026-09-09,On Time,0
SHP00164,ORD00164,SUP016,PRD034,Chennai,Pune,2026-08-18,2026-08-22,2026-08-23,Delayed,1
SHP00165,ORD00165,SUP005,PRD015,Bengaluru,Bengaluru,2026-08-27,2026-09-01,2026-09-02,Delayed,1
SHP00166,ORD00166,SUP018,PRD040,Bengaluru,Delhi,2026-05-14,2026-05-24,2026-05-24,On Time,0
SHP00167,ORD00167,SUP005,PRD026,Bengaluru,Delhi,2025-12-07,2025-12-17,2025-12-18,Delayed,1
SHP00168,ORD00168,SUP017,PRD022,Delhi,Pune,2026-03-17,2026-03-25,2026-03-26,Delayed,1
SHP00169,ORD00169,SUP019,PRD050,Bengaluru,Chennai,2026-01-11,2026-01-20,2026-01-21,Delayed,1
SHP00170,ORD00170,SUP018,PRD018,Bengaluru,Pune,2026-04-06,2026-04-14,2026-04-16,Delayed,2
SHP00171,ORD00171,SUP006,PRD007,Ahmedabad,Delhi,2026-02-17,2026-02-22,2026-02-25,Delayed,3
SHP00172,ORD00172,SUP007,PRD011,Hyderabad,Pune,2026-06-04,2026-06-11,2026-06-16,Delayed,5
SHP00173,ORD00173,SUP016,PRD034,Chennai,Chennai,2026-03-23,2026-03-27,2026-03-28,Delayed,1
SHP00174,ORD00174,SUP017,PRD022,Delhi,Hyderabad,2025-11-08,2025-11-12,2025-11-12,On Time,0
SHP00175,ORD00175,SUP006,PRD020,Ahmedabad,Bengaluru,2026-01-24,2026-01-29,2026-01-30,Delayed,1
SHP00176,ORD00176,SUP006,PRD020,Ahmedabad,Bengaluru,2026-04-22,2026-05-01,2026-05-02,Delayed,1
SHP00177,ORD00177,SUP019,PRD051,Bengaluru,Mumbai,2026-04-21,2026-04-30,2026-04-30,On Time,0
SHP00178,ORD00178,SUP017,PRD022,Delhi,Mumbai,2025-12-03,2025-12-08,2025-12-09,Delayed,1
SHP00179,ORD00179,SUP009,PRD039,Hyderabad,Chennai,2026-09-10,2026-09-17,2026-09-17,On Time,0
SHP00180,ORD00180,SUP007,PRD038,Hyderabad,Chennai,2026-08-23,2026-09-02,2026-09-04,Delayed,2
SHP00181,ORD00181,SUP020,PRD054,Delhi,Bengaluru,2026-01-28,2026-01-31,2026-01-31,On Time,0
SHP00182,ORD00182,SUP002,PRD024,Pune,Pune,2026-07-15,2026-07-24,2026-08-03,Delayed,10
SHP00183,ORD00183,SUP013,PRD037,Pune,Mumbai,2026-01-22,2026-02-01,2026-02-01,On Time,0
SHP00184,ORD00184,SUP005,PRD045,Bengaluru,Mumbai,2026-05-26,2026-06-04,2026-06-06,Delayed,2
SHP00185,ORD00185,SUP018,PRD058,Bengaluru,Pune,2026-04-28,2026-05-08,2026-05-08,On Time,0
SHP00186,ORD00186,SUP009,PRD039,Hyderabad,Bengaluru,2025-10-20,2025-10-23,2025-10-26,Delayed,3
SHP00187,ORD00187,SUP004,PRD035,Bengaluru,Bengaluru,2025-11-29,2025-12-06,2025-12-06,On Time,0
SHP00188,ORD00188,SUP018,PRD046,Bengaluru,Mumbai,2026-07-03,2026-07-10,2026-07-10,On Time,0
SHP00189,ORD00189,SUP008,PRD056,Mumbai,Hyderabad,2026-04-08,2026-04-18,2026-04-19,Delayed,1
SHP00190,ORD00190,SUP003,PRD004,Mumbai,Pune,2026-09-22,2026-09-26,2026-09-27,Delayed,1
SHP00191,ORD00191,SUP016,PRD042,Chennai,Hyderabad,2025-12-19,2025-12-27,2025-12-27,On Time,0
SHP00192,ORD00192,SUP020,PRD021,Delhi,Mumbai,2026-06-08,2026-06-18,2026-06-18,On Time,0
SHP00193,ORD00193,SUP018,PRD046,Bengaluru,Delhi,2026-02-21,2026-02-25,2026-02-26,Delayed,1
SHP00194,ORD00194,SUP018,PRD058,Bengaluru,Hyderabad,2026-01-20,2026-01-26,2026-01-26,On Time,0
SHP00195,ORD00195,SUP003,PRD016,Mumbai,Hyderabad,2026-01-29,2026-02-08,2026-02-09,Delayed,1
SHP00196,ORD00196,SUP011,PRD053,Ahmedabad,Hyderabad,2026-09-17,2026-09-27,2026-09-29,Delayed,2
SHP00197,ORD00197,SUP018,PRD033,Bengaluru,Delhi,2026-08-27,2026-09-02,2026-09-02,On Time,0
SHP00198,ORD00198,SUP004,PRD023,Bengaluru,Pune,2026-02-19,2026-02-27,2026-03-06,Delayed,7
SHP00199,ORD00199,SUP013,PRD037,Pune,Bengaluru,2026-05-21,2026-05-30,2026-05-30,On Time,0
SHP00200,ORD00200,SUP007,PRD006,Hyderabad,Hyderabad,2026-08-25,2026-08-31,2026-09-03,Delayed,3
SHP00201,ORD00201,SUP005,PRD014,Bengaluru,Pune,2025-10-11,2025-10-19,2025-10-20,Delayed,1
SHP00202,ORD00202,SUP019,PRD051,Bengaluru,Delhi,2026-02-02,2026-02-07,2026-02-07,On Time,0
SHP00203,ORD00203,SUP005,PRD045,Bengaluru,Chennai,2026-01-14,2026-01-21,2026-01-21,On Time,0
SHP00204,ORD00204,SUP004,PRD023,Bengaluru,Mumbai,2026-07-11,2026-07-15,2026-07-15,On Time,0
SHP00205,ORD00205,SUP017,PRD029,Delhi,Delhi,2026-01-28,2026-01-31,2026-02-05,Delayed,5
SHP00206,ORD00206,SUP018,PRD002,Bengaluru,Bengaluru,2026-08-02,2026-08-07,2026-08-08,Delayed,1
SHP00207,ORD00207,SUP007,PRD011,Hyderabad,Chennai,2025-12-14,2025-12-20,2025-12-20,On Time,0
SHP00208,ORD00208,SUP018,PRD046,Bengaluru,Delhi,2025-12-29,2026-01-04,2026-01-05,Delayed,1
SHP00209,ORD00209,SUP002,PRD024,Pune,Pune,2025-10-14,2025-10-23,2025-10-25,Delayed,2
SHP00210,ORD00210,SUP018,PRD033,Bengaluru,Mumbai,2026-01-30,2026-02-06,2026-02-07,Delayed,1
SHP00211,ORD00211,SUP005,PRD014,Bengaluru,Hyderabad,2025-12-29,2026-01-08,2026-01-08,On Time,0
SHP00212,ORD00212,SUP020,PRD021,Delhi,Chennai,2026-05-04,2026-05-13,2026-05-13,On Time,0
SHP00213,ORD00213,SUP018,PRD058,Bengaluru,Mumbai,2025-11-02,2025-11-10,2025-11-10,On Time,0
SHP00214,ORD00214,SUP015,PRD036,Delhi,Delhi,2026-04-04,2026-04-12,2026-04-13,Delayed,1
SHP00215,ORD00215,SUP005,PRD014,Bengaluru,Mumbai,2026-05-20,2026-05-24,2026-05-26,Delayed,2
SHP00216,ORD00216,SUP009,PRD039,Hyderabad,Pune,2026-08-11,2026-08-19,2026-08-22,Delayed,3
SHP00217,ORD00217,SUP020,PRD057,Delhi,Mumbai,2026-09-03,2026-09-12,2026-09-12,On Time,0
SHP00218,ORD00218,SUP010,PRD060,Mumbai,Chennai,2026-08-26,2026-09-01,2026-09-01,On Time,0
SHP00219,ORD00219,SUP016,PRD034,Chennai,Pune,2026-06-03,2026-06-10,2026-06-10,On Time,0
SHP00220,ORD00220,SUP005,PRD026,Bengaluru,Mumbai,2025-11-25,2025-11-30,2025-12-01,Delayed,1
SHP00221,ORD00221,SUP003,PRD016,Mumbai,Hyderabad,2026-05-16,2026-05-24,2026-05-31,Delayed,7
SHP00222,ORD00222,SUP016,PRD025,Chennai,Mumbai,2026-03-14,2026-03-17,2026-03-17,On Time,0
SHP00223,ORD00223,SUP020,PRD021,Delhi,Bengaluru,2025-12-04,2025-12-07,2025-12-07,On Time,0
SHP00224,ORD00224,SUP010,PRD060,Mumbai,Mumbai,2026-07-27,2026-08-06,2026-08-06,On Time,0
SHP00225,ORD00225,SUP016,PRD025,Chennai,Bengaluru,2026-04-14,2026-04-20,2026-04-25,Delayed,5
SHP00226,ORD00226,SUP007,PRD038,Hyderabad,Chennai,2026-05-21,2026-05-28,2026-05-28,On Time,0
SHP00227,ORD00227,SUP007,PRD011,Hyderabad,Chennai,2025-11-20,2025-11-24,2025-11-26,Delayed,2
SHP00228,ORD00228,SUP008,PRD052,Mumbai,Delhi,2026-09-01,2026-09-05,2026-09-06,Delayed,1
SHP00229,ORD00229,SUP009,PRD017,Hyderabad,Delhi,2026-07-10,2026-07-15,2026-07-15,On Time,0
SHP00230,ORD00230,SUP018,PRD018,Bengaluru,Bengaluru,2026-05-09,2026-05-16,2026-05-17,Delayed,1
SHP00231,ORD00231,SUP010,PRD019,Mumbai,Delhi,2026-04-30,2026-05-09,2026-05-10,Delayed,1
SHP00232,ORD00232,SUP007,PRD003,Hyderabad,Mumbai,2026-04-23,2026-04-27,2026-04-27,On Time,0
SHP00233,ORD00233,SUP003,PRD004,Mumbai,Bengaluru,2026-03-10,2026-03-14,2026-03-14,On Time,0
SHP00234,ORD00234,SUP002,PRD024,Pune,Delhi,2026-02-08,2026-02-18,2026-02-18,On Time,0
SHP00235,ORD00235,SUP010,PRD060,Mumbai,Mumbai,2026-09-17,2026-09-25,2026-09-27,Delayed,2
SHP00236,ORD00236,SUP013,PRD037,Pune,Bengaluru,2025-11-13,2025-11-18,2025-11-18,On Time,0
SHP00237,ORD00237,SUP015,PRD036,Delhi,Hyderabad,2026-04-09,2026-04-18,2026-04-18,On Time,0
SHP00238,ORD00238,SUP015,PRD036,Delhi,Chennai,2026-07-28,2026-08-01,2026-08-01,On Time,0
SHP00239,ORD00239,SUP008,PRD052,Mumbai,Bengaluru,2026-09-09,2026-09-14,2026-09-15,Delayed,1
SHP00240,ORD00240,SUP019,PRD051,Bengaluru,Pune,2026-09-06,2026-09-11,2026-09-11,On Time,0
SHP00241,ORD00241,SUP007,PRD028,Hyderabad,Bengaluru,2025-10-27,2025-10-30,2025-11-01,Delayed,2
SHP00242,ORD00242,SUP005,PRD026,Bengaluru,Bengaluru,2026-03-30,2026-04-09,2026-04-10,Delayed,1
SHP00243,ORD00243,SUP018,PRD018,Bengaluru,Pune,2026-01-17,2026-01-22,2026-01-25,Delayed,3
SHP00244,ORD00244,SUP005,PRD045,Bengaluru,Hyderabad,2026-01-23,2026-02-02,2026-02-05,Delayed,3
SHP00245,ORD00245,SUP004,PRD035,Bengaluru,Hyderabad,2026-07-12,2026-07-16,2026-07-16,On Time,0
SHP00246,ORD00246,SUP019,PRD013,Bengaluru,Mumbai,2026-02-20,2026-03-01,2026-03-01,On Time,0
SHP00247,ORD00247,SUP016,PRD047,Chennai,Bengaluru,2026-05-08,2026-05-16,2026-05-17,Delayed,1
SHP00248,ORD00248,SUP003,PRD016,Mumbai,Bengaluru,2026-08-15,2026-08-22,2026-08-25,Delayed,3
SHP00249,ORD00249,SUP011,PRD009,Ahmedabad,Delhi,2026-07-13,2026-07-20,2026-07-21,Delayed,1
SHP00250,ORD00250,SUP020,PRD057,Delhi,Delhi,2026-09-02,2026-09-05,2026-09-07,Delayed,2
SHP00251,ORD00251,SUP008,PRD056,Mumbai,Pune,2026-01-01,2026-01-08,2026-01-08,On Time,0
SHP00252,ORD00252,SUP003,PRD041,Mumbai,Chennai,2026-03-08,2026-03-14,2026-03-19,Delayed,5
SHP00253,ORD00253,SUP011,PRD009,Ahmedabad,Bengaluru,2026-01-01,2026-01-04,2026-01-05,Delayed,1
SHP00254,ORD00254,SUP008,PRD056,Mumbai,Bengaluru,2026-04-24,2026-05-04,2026-05-05,Delayed,1
SHP00255,ORD00255,SUP016,PRD034,Chennai,Hyderabad,2026-08-21,2026-08-31,2026-09-01,Delayed,1
SHP00256,ORD00256,SUP019,PRD050,Bengaluru,Chennai,2026-06-29,2026-07-02,2026-07-07,Delayed,5
SHP00257,ORD00257,SUP015,PRD005,Delhi,Pune,2026-05-21,2026-05-26,2026-05-26,On Time,0
SHP00258,ORD00258,SUP005,PRD026,Bengaluru,Delhi,2026-03-09,2026-03-18,2026-03-19,Delayed,1
SHP00259,ORD00259,SUP007,PRD038,Hyderabad,Hyderabad,2026-07-18,2026-07-23,2026-07-25,Delayed,2
SHP00260,ORD00260,SUP011,PRD053,Ahmedabad,Hyderabad,2025-10-27,2025-10-30,2025-10-31,Delayed,1
SHP00261,ORD00261,SUP010,PRD060,Mumbai,Hyderabad,2026-08-13,2026-08-20,2026-08-20,On Time,0
SHP00262,ORD00262,SUP008,PRD056,Mumbai,Delhi,2026-02-17,2026-02-26,2026-02-27,Delayed,1
SHP00263,ORD00263,SUP017,PRD027,Delhi,Mumbai,2026-06-06,2026-06-15,2026-06-15,On Time,0
SHP00264,ORD00264,SUP017,PRD029,Delhi,Pune,2026-02-17,2026-02-21,2026-02-22,Delayed,1
SHP00265,ORD00265,SUP016,PRD034,Chennai,Chennai,2025-11-28,2025-12-03,2025-12-03,On Time,0
SHP00266,ORD00266,SUP002,PRD024,Pune,Bengaluru,2026-02-23,2026-02-27,2026-03-01,Delayed,2
SHP00267,ORD00267,SUP018,PRD033,Bengaluru,Mumbai,2026-06-07,2026-06-12,2026-06-12,On Time,0
SHP00268,ORD00268,SUP005,PRD045,Bengaluru,Mumbai,2025-10-24,2025-10-28,2025-10-28,On Time,0
SHP00269,ORD00269,SUP018,PRD033,Bengaluru,Hyderabad,2026-08-03,2026-08-09,2026-08-09,On Time,0
SHP00270,ORD00270,SUP007,PRD055,Hyderabad,Pune,2026-03-04,2026-03-13,2026-03-13,On Time,0
SHP00271,ORD00271,SUP005,PRD014,Bengaluru,Delhi,2026-02-08,2026-02-11,2026-02-11,On Time,0
SHP00272,ORD00272,SUP004,PRD059,Bengaluru,Delhi,2025-10-04,2025-10-09,2025-10-09,On Time,0
SHP00273,ORD00273,SUP003,PRD031,Mumbai,Bengaluru,2025-12-29,2026-01-03,2026-01-06,Delayed,3
SHP00274,ORD00274,SUP015,PRD001,Delhi,Pune,2026-09-26,2026-10-06,2026-10-09,Delayed,3
SHP00275,ORD00275,SUP017,PRD022,Delhi,Bengaluru,2026-09-08,2026-09-15,2026-09-15,On Time,0
SHP00276,ORD00276,SUP011,PRD009,Ahmedabad,Hyderabad,2025-10-22,2025-10-29,2025-10-30,Delayed,1
SHP00277,ORD00277,SUP009,PRD039,Hyderabad,Mumbai,2025-11-09,2025-11-12,2025-11-13,Delayed,1
SHP00278,ORD00278,SUP003,PRD016,Mumbai,Chennai,2026-07-21,2026-07-28,2026-07-31,Delayed,3
SHP00279,ORD00279,SUP011,PRD009,Ahmedabad,Pune,2026-05-02,2026-05-06,2026-05-06,On Time,0
SHP00280,ORD00280,SUP005,PRD045,Bengaluru,Pune,2025-10-11,2025-10-19,2025-10-19,On Time,0
SHP00281,ORD00281,SUP001,PRD030,Bengaluru,Chennai,2026-08-13,2026-08-18,2026-08-20,Delayed,2
SHP00282,ORD00282,SUP007,PRD003,Hyderabad,Delhi,2026-04-04,2026-04-08,2026-04-11,Delayed,3
SHP00283,ORD00283,SUP001,PRD030,Bengaluru,Pune,2025-11-24,2025-11-28,2025-11-29,Delayed,1
SHP00284,ORD00284,SUP011,PRD009,Ahmedabad,Hyderabad,2026-04-24,2026-04-27,2026-04-27,On Time,0
SHP00285,ORD00285,SUP003,PRD016,Mumbai,Chennai,2026-03-08,2026-03-14,2026-03-14,On Time,0
SHP00286,ORD00286,SUP007,PRD038,Hyderabad,Bengaluru,2026-03-20,2026-03-29,2026-04-03,Delayed,5
SHP00287,ORD00287,SUP018,PRD002,Bengaluru,Delhi,2026-06-19,2026-06-22,2026-06-23,Delayed,1
SHP00288,ORD00288,SUP017,PRD027,Delhi,Bengaluru,2026-06-19,2026-06-28,2026-06-28,On Time,0
SHP00289,ORD00289,SUP016,PRD025,Chennai,Chennai,2026-03-28,2026-04-06,2026-04-09,Delayed,3
SHP00290,ORD00290,SUP003,PRD041,Mumbai,Pune,2026-08-27,2026-09-03,2026-09-08,Delayed,5
SHP00291,ORD00291,SUP008,PRD056,Mumbai,Delhi,2025-12-14,2025-12-22,2025-12-22,On Time,0
SHP00292,ORD00292,SUP013,PRD043,Pune,Pune,2026-08-05,2026-08-08,2026-08-08,On Time,0
SHP00293,ORD00293,SUP005,PRD045,Bengaluru,Hyderabad,2026-09-01,2026-09-04,2026-09-09,Delayed,5
SHP00294,ORD00294,SUP005,PRD026,Bengaluru,Chennai,2026-08-18,2026-08-28,2026-08-31,Delayed,3
SHP00295,ORD00295,SUP018,PRD033,Bengaluru,Mumbai,2026-07-16,2026-07-24,2026-07-24,On Time,0
SHP00296,ORD00296,SUP003,PRD016,Mumbai,Chennai,2026-09-14,2026-09-17,2026-09-19,Delayed,2
SHP00297,ORD00297,SUP011,PRD009,Ahmedabad,Bengaluru,2026-08-16,2026-08-23,2026-08-24,Delayed,1
SHP00298,ORD00298,SUP009,PRD012,Hyderabad,Mumbai,2026-08-18,2026-08-28,2026-08-29,Delayed,1
SHP00299,ORD00299,SUP010,PRD060,Mumbai,Pune,2025-11-04,2025-11-10,2025-11-11,Delayed,1
SHP00300,ORD00300,SUP007,PRD003,Hyderabad,Mumbai,2026-03-05,2026-03-11,2026-03-11,On Time,0
SHP00301,ORD00301,SUP020,PRD021,Delhi,Chennai,2026-03-30,2026-04-02,2026-04-02,On Time,0
SHP00302,ORD00302,SUP009,PRD039,Hyderabad,Hyderabad,2026-05-25,2026-05-28,2026-06-02,Delayed,5
SHP00303,ORD00303,SUP005,PRD026,Bengaluru,Delhi,2026-04-07,2026-04-16,2026-04-19,Delayed,3
SHP00304,ORD00304,SUP001,PRD030,Bengaluru,Pune,2025-11-16,2025-11-23,2025-11-23,On Time,0
SHP00305,ORD00305,SUP005,PRD015,Bengaluru,Hyderabad,2026-04-15,2026-04-21,2026-04-22,Delayed,1
SHP00306,ORD00306,SUP013,PRD037,Pune,Hyderabad,2025-10-22,2025-10-27,2025-10-28,Delayed,1
SHP00307,ORD00307,SUP004,PRD035,Bengaluru,Pune,2026-07-20,2026-07-23,2026-07-30,Delayed,7
SHP00308,ORD00308,SUP011,PRD009,Ahmedabad,Chennai,2026-08-06,2026-08-15,2026-08-16,Delayed,1
SHP00309,ORD00309,SUP016,PRD034,Chennai,Hyderabad,2025-11-01,2025-11-11,2025-11-14,Delayed,3
SHP00310,ORD00310,SUP011,PRD053,Ahmedabad,Delhi,2026-03-25,2026-03-29,2026-03-29,On Time,0
SHP00311,ORD00311,SUP005,PRD014,Bengaluru,Pune,2026-08-27,2026-09-05,2026-09-05,On Time,0
SHP00312,ORD00312,SUP016,PRD042,Chennai,Bengaluru,2026-09-28,2026-10-01,2026-10-01,On Time,0
SHP00313,ORD00313,SUP017,PRD048,Delhi,Chennai,2026-06-26,2026-07-02,2026-07-02,On Time,0
SHP00314,ORD00314,SUP017,PRD048,Delhi,Delhi,2026-04-05,2026-04-14,2026-04-15,Delayed,1
SHP00315,ORD00315,SUP006,PRD020,Ahmedabad,Chennai,2026-04-17,2026-04-25,2026-04-25,On Time,0
SHP00316,ORD00316,SUP006,PRD007,Ahmedabad,Bengaluru,2026-09-13,2026-09-19,2026-09-19,On Time,0
SHP00317,ORD00317,SUP007,PRD006,Hyderabad,Pune,2026-08-20,2026-08-25,2026-08-28,Delayed,3
SHP00318,ORD00318,SUP019,PRD051,Bengaluru,Bengaluru,2026-03-18,2026-03-22,2026-03-22,On Time,0
SHP00319,ORD00319,SUP011,PRD010,Ahmedabad,Mumbai,2026-04-16,2026-04-26,2026-04-26,On Time,0
SHP00320,ORD00320,SUP020,PRD021,Delhi,Bengaluru,2026-09-02,2026-09-06,2026-09-06,On Time,0
SHP00321,ORD00321,SUP013,PRD037,Pune,Chennai,2026-03-20,2026-03-30,2026-03-30,On Time,0
SHP00322,ORD00322,SUP020,PRD054,Delhi,Delhi,2025-12-12,2025-12-16,2025-12-16,On Time,0
SHP00323,ORD00323,SUP010,PRD060,Mumbai,Delhi,2026-09-01,2026-09-08,2026-09-10,Delayed,2
SHP00324,ORD00324,SUP011,PRD032,Ahmedabad,Chennai,2025-12-06,2025-12-09,2025-12-09,On Time,0
SHP00325,ORD00325,SUP013,PRD037,Pune,Bengaluru,2025-11-13,2025-11-18,2025-11-18,On Time,0
SHP00326,ORD00326,SUP013,PRD043,Pune,Hyderabad,2026-08-26,2026-09-03,2026-09-03,On Time,0
SHP00327,ORD00327,SUP008,PRD049,Mumbai,Bengaluru,2026-09-09,2026-09-16,2026-09-16,On Time,0
SHP00328,ORD00328,SUP009,PRD012,Hyderabad,Mumbai,2026-09-16,2026-09-19,2026-09-24,Delayed,5
SHP00329,ORD00329,SUP007,PRD038,Hyderabad,Hyderabad,2026-09-09,2026-09-15,2026-09-15,On Time,0
SHP00330,ORD00330,SUP007,PRD038,Hyderabad,Hyderabad,2025-10-10,2025-10-15,2025-10-15,On Time,0
SHP00331,ORD00331,SUP004,PRD059,Bengaluru,Mumbai,2026-01-18,2026-01-24,2026-01-24,On Time,0
SHP00332,ORD00332,SUP007,PRD055,Hyderabad,Delhi,2026-06-06,2026-06-14,2026-06-16,Delayed,2
SHP00333,ORD00333,SUP007,PRD055,Hyderabad,Chennai,2025-12-10,2025-12-14,2025-12-16,Delayed,2
SHP00334,ORD00334,SUP019,PRD050,Bengaluru,Hyderabad,2025-11-21,2025-11-25,2025-11-25,On Time,0
SHP00335,ORD00335,SUP009,PRD017,Hyderabad,Mumbai,2026-06-27,2026-07-03,2026-07-08,Delayed,5
SHP00336,ORD00336,SUP019,PRD050,Bengaluru,Chennai,2026-08-13,2026-08-18,2026-08-18,On Time,0
SHP00337,ORD00337,SUP019,PRD050,Bengaluru,Mumbai,2025-12-18,2025-12-22,2025-12-22,On Time,0
SHP00338,ORD00338,SUP010,PRD019,Mumbai,Pune,2026-09-20,2026-09-23,2026-09-23,On Time,0
SHP00339,ORD00339,SUP020,PRD057,Delhi,Mumbai,2025-12-24,2026-01-02,2026-01-04,Delayed,2
SHP00340,ORD00340,SUP017,PRD022,Delhi,Delhi,2026-04-29,2026-05-09,2026-05-09,On Time,0
SHP00341,ORD00341,SUP011,PRD032,Ahmedabad,Bengaluru,2026-01-30,2026-02-08,2026-02-08,On Time,0
SHP00342,ORD00342,SUP009,PRD012,Hyderabad,Mumbai,2026-05-18,2026-05-23,2026-05-23,On Time,0
SHP00343,ORD00343,SUP020,PRD054,Delhi,Pune,2026-03-08,2026-03-13,2026-03-13,On Time,0
SHP00344,ORD00344,SUP003,PRD031,Mumbai,Mumbai,2026-01-08,2026-01-14,2026-01-17,Delayed,3
SHP00345,ORD00345,SUP003,PRD004,Mumbai,Mumbai,2026-07-20,2026-07-29,2026-08-05,Delayed,7
SHP00346,ORD00346,SUP017,PRD029,Delhi,Mumbai,2026-02-22,2026-02-25,2026-02-25,On Time,0
SHP00347,ORD00347,SUP020,PRD021,Delhi,Delhi,2026-06-28,2026-07-03,2026-07-03,On Time,0
SHP00348,ORD00348,SUP016,PRD034,Chennai,Pune,2026-01-11,2026-01-17,2026-01-18,Delayed,1
SHP00349,ORD00349,SUP003,PRD016,Mumbai,Delhi,2026-02-06,2026-02-09,2026-02-19,Delayed,10
SHP00350,ORD00350,SUP009,PRD017,Hyderabad,Mumbai,2026-04-09,2026-04-17,2026-04-18,Delayed,1
SHP00351,ORD00351,SUP009,PRD008,Hyderabad,Pune,2026-09-30,2026-10-08,2026-10-13,Delayed,5
SHP00352,ORD00352,SUP005,PRD015,Bengaluru,Bengaluru,2026-02-23,2026-03-03,2026-03-04,Delayed,1
SHP00353,ORD00353,SUP007,PRD038,Hyderabad,Bengaluru,2026-02-17,2026-02-20,2026-02-20,On Time,0
SHP00354,ORD00354,SUP003,PRD016,Mumbai,Chennai,2025-12-15,2025-12-18,2025-12-25,Delayed,7
SHP00355,ORD00355,SUP013,PRD043,Pune,Mumbai,2026-01-22,2026-01-25,2026-01-27,Delayed,2
SHP00356,ORD00356,SUP017,PRD029,Delhi,Bengaluru,2025-10-14,2025-10-22,2025-10-23,Delayed,1
SHP00357,ORD00357,SUP004,PRD023,Bengaluru,Delhi,2026-06-15,2026-06-20,2026-06-20,On Time,0
SHP00358,ORD00358,SUP003,PRD041,Mumbai,Delhi,2025-11-11,2025-11-17,2025-11-18,Delayed,1
SHP00359,ORD00359,SUP007,PRD011,Hyderabad,Bengaluru,2026-03-13,2026-03-16,2026-03-18,Delayed,2
SHP00360,ORD00360,SUP007,PRD038,Hyderabad,Bengaluru,2026-08-29,2026-09-07,2026-09-08,Delayed,1
SHP00361,ORD00361,SUP004,PRD059,Bengaluru,Chennai,2025-12-10,2025-12-15,2025-12-16,Delayed,1
SHP00362,ORD00362,SUP019,PRD050,Bengaluru,Hyderabad,2026-05-30,2026-06-07,2026-06-09,Delayed,2
SHP00363,ORD00363,SUP018,PRD018,Bengaluru,Pune,2026-09-27,2026-10-05,2026-10-08,Delayed,3
SHP00364,ORD00364,SUP001,PRD030,Bengaluru,Bengaluru,2025-10-03,2025-10-08,2025-10-11,Delayed,3
SHP00365,ORD00365,SUP011,PRD009,Ahmedabad,Bengaluru,2026-01-19,2026-01-29,2026-01-29,On Time,0
SHP00366,ORD00366,SUP015,PRD005,Delhi,Hyderabad,2026-08-08,2026-08-18,2026-08-18,On Time,0
SHP00367,ORD00367,SUP008,PRD049,Mumbai,Hyderabad,2026-02-25,2026-03-03,2026-03-05,Delayed,2
SHP00368,ORD00368,SUP011,PRD009,Ahmedabad,Pune,2025-10-25,2025-11-04,2025-11-04,On Time,0
SHP00369,ORD00369,SUP006,PRD007,Ahmedabad,Chennai,2026-08-15,2026-08-21,2026-08-24,Delayed,3
SHP00370,ORD00370,SUP011,PRD053,Ahmedabad,Chennai,2026-06-13,2026-06-18,2026-06-21,Delayed,3
SHP00371,ORD00371,SUP020,PRD021,Delhi,Pune,2026-08-20,2026-08-23,2026-08-23,On Time,0
SHP00372,ORD00372,SUP010,PRD060,Mumbai,Pune,2025-12-13,2025-12-18,2025-12-19,Delayed,1
SHP00373,ORD00373,SUP001,PRD030,Bengaluru,Chennai,2026-08-11,2026-08-19,2026-08-29,Delayed,10
SHP00374,ORD00374,SUP018,PRD058,Bengaluru,Chennai,2026-05-02,2026-05-11,2026-05-12,Delayed,1
SHP00375,ORD00375,SUP003,PRD041,Mumbai,Bengaluru,2025-11-13,2025-11-20,2025-11-21,Delayed,1
SHP00376,ORD00376,SUP004,PRD023,Bengaluru,Mumbai,2025-11-04,2025-11-13,2025-11-18,Delayed,5
SHP00377,ORD00377,SUP018,PRD018,Bengaluru,Pune,2026-06-17,2026-06-25,2026-06-25,On Time,0
SHP00378,ORD00378,SUP006,PRD007,Ahmedabad,Pune,2026-05-29,2026-06-06,2026-06-06,On Time,0
SHP00379,ORD00379,SUP003,PRD016,Mumbai,Delhi,2026-04-10,2026-04-15,2026-04-17,Delayed,2
SHP00380,ORD00380,SUP018,PRD058,Bengaluru,Delhi,2026-04-01,2026-04-08,2026-04-08,On Time,0
SHP00381,ORD00381,SUP007,PRD055,Hyderabad,Pune,2026-09-02,2026-09-05,2026-09-10,Delayed,5
SHP00382,ORD00382,SUP010,PRD019,Mumbai,Pune,2026-07-25,2026-08-03,2026-08-05,Delayed,2
SHP00383,ORD00383,SUP009,PRD039,Hyderabad,Chennai,2025-12-08,2025-12-11,2025-12-11,On Time,0
SHP00384,ORD00384,SUP018,PRD002,Bengaluru,Hyderabad,2026-03-23,2026-03-29,2026-03-30,Delayed,1
SHP00385,ORD00385,SUP005,PRD026,Bengaluru,Delhi,2026-09-16,2026-09-26,2026-09-26,On Time,0
SHP00386,ORD00386,SUP009,PRD039,Hyderabad,Chennai,2026-06-03,2026-06-07,2026-06-07,On Time,0
SHP00387,ORD00387,SUP019,PRD051,Bengaluru,Hyderabad,2025-12-09,2025-12-14,2025-12-15,Delayed,1
SHP00388,ORD00388,SUP013,PRD043,Pune,Chennai,2026-05-23,2026-05-31,2026-05-31,On Time,0
SHP00389,ORD00389,SUP005,PRD045,Bengaluru,Hyderabad,2025-10-23,2025-10-29,2025-10-29,On Time,0
SHP00390,ORD00390,SUP005,PRD045,Bengaluru,Hyderabad,2026-03-11,2026-03-19,2026-03-19,On Time,0
SHP00391,ORD00391,SUP019,PRD013,Bengaluru,Mumbai,2026-07-06,2026-07-09,2026-07-09,On Time,0
SHP00392,ORD00392,SUP011,PRD032,Ahmedabad,Mumbai,2026-08-28,2026-09-06,2026-09-09,Delayed,3
SHP00393,ORD00393,SUP019,PRD013,Bengaluru,Chennai,2025-10-25,2025-11-04,2025-11-06,Delayed,2
SHP00394,ORD00394,SUP017,PRD022,Delhi,Mumbai,2025-12-03,2025-12-12,2025-12-12,On Time,0
SHP00395,ORD00395,SUP020,PRD021,Delhi,Hyderabad,2026-04-23,2026-04-29,2026-04-29,On Time,0
SHP00396,ORD00396,SUP013,PRD043,Pune,Chennai,2026-04-16,2026-04-19,2026-04-19,On Time,0
SHP00397,ORD00397,SUP007,PRD055,Hyderabad,Hyderabad,2026-06-12,2026-06-19,2026-06-24,Delayed,5
SHP00398,ORD00398,SUP011,PRD010,Ahmedabad,Mumbai,2026-06-23,2026-07-01,2026-07-01,On Time,0
SHP00399,ORD00399,SUP019,PRD051,Bengaluru,Pune,2026-05-06,2026-05-11,2026-05-12,Delayed,1
SHP00400,ORD00400,SUP011,PRD010,Ahmedabad,Pune,2026-01-01,2026-01-05,2026-01-05,On Time,0
SHP00401,ORD00401,SUP020,PRD021,Delhi,Mumbai,2025-11-22,2025-12-02,2025-12-03,Delayed,1
SHP00402,ORD00402,SUP016,PRD034,Chennai,Mumbai,2026-03-01,2026-03-06,2026-03-07,Delayed,1
SHP00403,ORD00403,SUP017,PRD029,Delhi,Chennai,2026-05-07,2026-05-12,2026-05-12,On Time,0
SHP00404,ORD00404,SUP003,PRD004,Mumbai,Mumbai,2026-03-29,2026-04-04,2026-04-14,Delayed,10
SHP00405,ORD00405,SUP016,PRD034,Chennai,Chennai,2026-03-30,2026-04-06,2026-04-07,Delayed,1
SHP00406,ORD00406,SUP009,PRD012,Hyderabad,Mumbai,2026-02-18,2026-02-24,2026-02-24,On Time,0
SHP00407,ORD00407,SUP017,PRD027,Delhi,Chennai,2025-10-30,2025-11-09,2025-11-09,On Time,0
SHP00408,ORD00408,SUP008,PRD052,Mumbai,Chennai,2026-04-26,2026-04-29,2026-04-30,Delayed,1
SHP00409,ORD00409,SUP008,PRD052,Mumbai,Hyderabad,2026-09-13,2026-09-23,2026-09-23,On Time,0
SHP00410,ORD00410,SUP003,PRD041,Mumbai,Chennai,2025-12-13,2025-12-19,2025-12-19,On Time,0
SHP00411,ORD00411,SUP002,PRD024,Pune,Hyderabad,2026-05-13,2026-05-17,2026-05-19,Delayed,2
SHP00412,ORD00412,SUP015,PRD036,Delhi,Mumbai,2026-01-29,2026-02-05,2026-02-06,Delayed,1
SHP00413,ORD00413,SUP003,PRD004,Mumbai,Chennai,2026-04-04,2026-04-14,2026-04-21,Delayed,7
SHP00414,ORD00414,SUP019,PRD050,Bengaluru,Mumbai,2025-10-17,2025-10-21,2025-10-22,Delayed,1
SHP00415,ORD00415,SUP018,PRD040,Bengaluru,Mumbai,2026-05-19,2026-05-24,2026-05-24,On Time,0
SHP00416,ORD00416,SUP020,PRD054,Delhi,Hyderabad,2025-11-09,2025-11-17,2025-11-17,On Time,0
SHP00417,ORD00417,SUP004,PRD035,Bengaluru,Chennai,2026-04-06,2026-04-13,2026-04-15,Delayed,2
SHP00418,ORD00418,SUP005,PRD026,Bengaluru,Pune,2026-02-20,2026-02-26,2026-03-01,Delayed,3
SHP00419,ORD00419,SUP008,PRD049,Mumbai,Delhi,2025-10-14,2025-10-17,2025-10-17,On Time,0
SHP00420,ORD00420,SUP011,PRD009,Ahmedabad,Chennai,2026-06-23,2026-06-27,2026-06-27,On Time,0
SHP00421,ORD00421,SUP017,PRD027,Delhi,Pune,2025-11-30,2025-12-09,2025-12-12,Delayed,3
SHP00422,ORD00422,SUP009,PRD039,Hyderabad,Mumbai,2026-09-26,2026-10-02,2026-10-03,Delayed,1
SHP00423,ORD00423,SUP009,PRD017,Hyderabad,Delhi,2026-08-10,2026-08-19,2026-08-24,Delayed,5
SHP00424,ORD00424,SUP009,PRD012,Hyderabad,Bengaluru,2026-06-09,2026-06-19,2026-06-20,Delayed,1
SHP00425,ORD00425,SUP018,PRD033,Bengaluru,Mumbai,2025-11-07,2025-11-17,2025-11-17,On Time,0
SHP00426,ORD00426,SUP015,PRD005,Delhi,Pune,2026-05-16,2026-05-19,2026-05-19,On Time,0
SHP00427,ORD00427,SUP009,PRD017,Hyderabad,Mumbai,2026-03-13,2026-03-18,2026-03-18,On Time,0
SHP00428,ORD00428,SUP015,PRD005,Delhi,Bengaluru,2025-11-03,2025-11-08,2025-11-11,Delayed,3
SHP00429,ORD00429,SUP013,PRD037,Pune,Bengaluru,2026-03-03,2026-03-09,2026-03-11,Delayed,2
SHP00430,ORD00430,SUP015,PRD005,Delhi,Delhi,2026-09-24,2026-09-27,2026-09-27,On Time,0
SHP00431,ORD00431,SUP009,PRD039,Hyderabad,Delhi,2026-04-04,2026-04-13,2026-04-13,On Time,0
SHP00432,ORD00432,SUP019,PRD013,Bengaluru,Chennai,2026-01-11,2026-01-16,2026-01-18,Delayed,2
SHP00433,ORD00433,SUP017,PRD029,Delhi,Hyderabad,2026-06-10,2026-06-18,2026-06-20,Delayed,2
SHP00434,ORD00434,SUP004,PRD035,Bengaluru,Mumbai,2026-07-21,2026-07-25,2026-07-27,Delayed,2
SHP00435,ORD00435,SUP017,PRD022,Delhi,Pune,2026-07-10,2026-07-18,2026-07-20,Delayed,2
SHP00436,ORD00436,SUP007,PRD055,Hyderabad,Hyderabad,2025-11-14,2025-11-24,2025-11-29,Delayed,5
SHP00437,ORD00437,SUP008,PRD056,Mumbai,Bengaluru,2026-06-03,2026-06-12,2026-06-12,On Time,0
SHP00438,ORD00438,SUP017,PRD022,Delhi,Pune,2026-04-28,2026-05-03,2026-05-04,Delayed,1
SHP00439,ORD00439,SUP003,PRD041,Mumbai,Pune,2026-03-12,2026-03-16,2026-03-23,Delayed,7
SHP00440,ORD00440,SUP018,PRD046,Bengaluru,Pune,2026-05-27,2026-05-31,2026-06-01,Delayed,1
SHP00441,ORD00441,SUP004,PRD035,Bengaluru,Chennai,2025-12-05,2025-12-13,2025-12-20,Delayed,7
SHP00442,ORD00442,SUP007,PRD003,Hyderabad,Pune,2026-07-28,2026-08-06,2026-08-08,Delayed,2
SHP00443,ORD00443,SUP005,PRD015,Bengaluru,Chennai,2025-12-06,2025-12-16,2025-12-16,On Time,0
SHP00444,ORD00444,SUP001,PRD030,Bengaluru,Pune,2025-10-29,2025-11-07,2025-11-07,On Time,0
SHP00445,ORD00445,SUP016,PRD034,Chennai,Chennai,2026-03-05,2026-03-14,2026-03-14,On Time,0
SHP00446,ORD00446,SUP019,PRD013,Bengaluru,Mumbai,2026-09-29,2026-10-05,2026-10-05,On Time,0
SHP00447,ORD00447,SUP017,PRD027,Delhi,Hyderabad,2026-06-23,2026-06-30,2026-07-02,Delayed,2
SHP00448,ORD00448,SUP009,PRD017,Hyderabad,Chennai,2026-02-06,2026-02-14,2026-02-17,Delayed,3
SHP00449,ORD00449,SUP018,PRD018,Bengaluru,Mumbai,2026-07-10,2026-07-17,2026-07-17,On Time,0
SHP00450,ORD00450,SUP018,PRD033,Bengaluru,Bengaluru,2026-03-05,2026-03-09,2026-03-12,Delayed,3
SHP00451,ORD00451,SUP005,PRD015,Bengaluru,Delhi,2026-06-15,2026-06-20,2026-06-20,On Time,0
SHP00452,ORD00452,SUP018,PRD058,Bengaluru,Chennai,2026-07-25,2026-08-04,2026-08-05,Delayed,1
SHP00453,ORD00453,SUP007,PRD038,Hyderabad,Pune,2026-08-16,2026-08-23,2026-08-25,Delayed,2
SHP00454,ORD00454,SUP007,PRD003,Hyderabad,Bengaluru,2026-03-22,2026-03-26,2026-03-26,On Time,0
SHP00455,ORD00455,SUP019,PRD013,Bengaluru,Pune,2025-10-15,2025-10-24,2025-10-25,Delayed,1
SHP00456,ORD00456,SUP007,PRD011,Hyderabad,Pune,2026-08-25,2026-09-02,2026-09-05,Delayed,3
SHP00457,ORD00457,SUP019,PRD013,Bengaluru,Delhi,2026-08-30,2026-09-04,2026-09-04,On Time,0
SHP00458,ORD00458,SUP007,PRD006,Hyderabad,Pune,2026-05-02,2026-05-11,2026-05-11,On Time,0
SHP00459,ORD00459,SUP018,PRD046,Bengaluru,Bengaluru,2026-06-12,2026-06-15,2026-06-15,On Time,0
SHP00460,ORD00460,SUP011,PRD010,Ahmedabad,Mumbai,2026-08-25,2026-08-28,2026-08-28,On Time,0
SHP00461,ORD00461,SUP007,PRD011,Hyderabad,Delhi,2026-09-16,2026-09-19,2026-09-24,Delayed,5
SHP00462,ORD00462,SUP007,PRD003,Hyderabad,Mumbai,2025-11-07,2025-11-13,2025-11-13,On Time,0
SHP00463,ORD00463,SUP015,PRD001,Delhi,Hyderabad,2026-05-14,2026-05-23,2026-05-24,Delayed,1
SHP00464,ORD00464,SUP005,PRD015,Bengaluru,Mumbai,2026-01-13,2026-01-16,2026-01-16,On Time,0
SHP00465,ORD00465,SUP013,PRD043,Pune,Mumbai,2026-03-10,2026-03-20,2026-03-20,On Time,0
SHP00466,ORD00466,SUP005,PRD045,Bengaluru,Chennai,2026-03-26,2026-04-03,2026-04-04,Delayed,1
SHP00467,ORD00467,SUP006,PRD007,Ahmedabad,Mumbai,2026-04-08,2026-04-12,2026-04-12,On Time,0
SHP00468,ORD00468,SUP014,PRD044,Chennai,Pune,2026-03-13,2026-03-16,2026-03-16,On Time,0
SHP00469,ORD00469,SUP004,PRD023,Bengaluru,Delhi,2026-02-14,2026-02-20,2026-02-27,Delayed,7
SHP00470,ORD00470,SUP011,PRD053,Ahmedabad,Chennai,2025-11-19,2025-11-25,2025-11-26,Delayed,1
SHP00471,ORD00471,SUP016,PRD047,Chennai,Delhi,2026-04-15,2026-04-24,2026-04-24,On Time,0
SHP00472,ORD00472,SUP009,PRD012,Hyderabad,Bengaluru,2025-12-21,2025-12-24,2025-12-25,Delayed,1
SHP00473,ORD00473,SUP018,PRD033,Bengaluru,Hyderabad,2026-03-10,2026-03-15,2026-03-16,Delayed,1
SHP00474,ORD00474,SUP017,PRD029,Delhi,Chennai,2026-06-13,2026-06-19,2026-06-19,On Time,0
SHP00475,ORD00475,SUP006,PRD020,Ahmedabad,Mumbai,2026-03-07,2026-03-14,2026-03-15,Delayed,1
SHP00476,ORD00476,SUP020,PRD021,Delhi,Bengaluru,2026-04-20,2026-04-28,2026-04-28,On Time,0
SHP00477,ORD00477,SUP007,PRD006,Hyderabad,Pune,2026-02-01,2026-02-11,2026-02-11,On Time,0
SHP00478,ORD00478,SUP009,PRD039,Hyderabad,Hyderabad,2025-10-25,2025-11-03,2025-11-05,Delayed,2
SHP00479,ORD00479,SUP006,PRD020,Ahmedabad,Pune,2026-08-02,2026-08-10,2026-08-11,Delayed,1
SHP00480,ORD00480,SUP005,PRD026,Bengaluru,Hyderabad,2026-02-24,2026-03-03,2026-03-03,On Time,0
SHP00481,ORD00481,SUP019,PRD051,Bengaluru,Chennai,2025-11-25,2025-12-05,2025-12-05,On Time,0
SHP00482,ORD00482,SUP001,PRD030,Bengaluru,Chennai,2026-02-13,2026-02-21,2026-02-28,Delayed,7
SHP00483,ORD00483,SUP008,PRD049,Mumbai,Pune,2026-04-25,2026-05-02,2026-05-02,On Time,0
SHP00484,ORD00484,SUP001,PRD030,Bengaluru,Pune,2025-10-27,2025-11-02,2025-11-09,Delayed,7
SHP00485,ORD00485,SUP018,PRD033,Bengaluru,Delhi,2026-04-04,2026-04-13,2026-04-14,Delayed,1
SHP00486,ORD00486,SUP020,PRD054,Delhi,Delhi,2026-04-16,2026-04-21,2026-04-22,Delayed,1
SHP00487,ORD00487,SUP014,PRD044,Chennai,Chennai,2026-07-09,2026-07-19,2026-07-24,Delayed,5
SHP00488,ORD00488,SUP015,PRD001,Delhi,Delhi,2026-08-16,2026-08-25,2026-08-25,On Time,0
SHP00489,ORD00489,SUP004,PRD035,Bengaluru,Pune,2025-12-05,2025-12-08,2025-12-11,Delayed,3
SHP00490,ORD00490,SUP010,PRD060,Mumbai,Delhi,2026-03-23,2026-03-29,2026-03-29,On Time,0
SHP00491,ORD00491,SUP009,PRD012,Hyderabad,Delhi,2025-12-13,2025-12-19,2025-12-21,Delayed,2
SHP00492,ORD00492,SUP017,PRD029,Delhi,Delhi,2026-04-24,2026-05-04,2026-05-06,Delayed,2
SHP00493,ORD00493,SUP006,PRD020,Ahmedabad,Bengaluru,2025-10-20,2025-10-28,2025-10-29,Delayed,1
SHP00494,ORD00494,SUP015,PRD005,Delhi,Mumbai,2026-05-31,2026-06-05,2026-06-05,On Time,0
SHP00495,ORD00495,SUP011,PRD010,Ahmedabad,Delhi,2026-08-07,2026-08-12,2026-08-13,Delayed,1
SHP00496,ORD00496,SUP003,PRD041,Mumbai,Chennai,2026-08-10,2026-08-15,2026-08-25,Delayed,10
SHP00497,ORD00497,SUP008,PRD049,Mumbai,Bengaluru,2026-08-12,2026-08-16,2026-08-16,On Time,0
SHP00498,ORD00498,SUP005,PRD045,Bengaluru,Chennai,2026-07-31,2026-08-07,2026-08-08,Delayed,1
SHP00499,ORD00499,SUP005,PRD014,Bengaluru,Chennai,2026-06-18,2026-06-26,2026-06-26,On Time,0
SHP00500,ORD00500,SUP020,PRD057,Delhi,Mumbai,2026-07-16,2026-07-26,2026-07-28,Delayed,2
SHP00501,ORD00501,SUP019,PRD050,Bengaluru,Pune,2025-10-09,2025-10-12,2025-10-14,Delayed,2
SHP00502,ORD00502,SUP016,PRD025,Chennai,Bengaluru,2025-11-26,2025-11-30,2025-11-30,On Time,0
SHP00503,ORD00503,SUP003,PRD004,Mumbai,Mumbai,2026-09-18,2026-09-22,2026-09-29,Delayed,7
SHP00504,ORD00504,SUP016,PRD047,Chennai,Bengaluru,2026-05-31,2026-06-07,2026-06-07,On Time,0
SHP00505,ORD00505,SUP010,PRD019,Mumbai,Chennai,2026-07-24,2026-07-29,2026-08-03,Delayed,5
SHP00506,ORD00506,SUP011,PRD010,Ahmedabad,Mumbai,2025-10-27,2025-11-05,2025-11-10,Delayed,5
SHP00507,ORD00507,SUP019,PRD050,Bengaluru,Delhi,2026-06-26,2026-07-01,2026-07-01,On Time,0
SHP00508,ORD00508,SUP013,PRD037,Pune,Mumbai,2026-04-13,2026-04-18,2026-04-19,Delayed,1
SHP00509,ORD00509,SUP018,PRD002,Bengaluru,Bengaluru,2026-02-02,2026-02-10,2026-02-11,Delayed,1
SHP00510,ORD00510,SUP016,PRD042,Chennai,Hyderabad,2026-09-24,2026-10-02,2026-10-03,Delayed,1
SHP00511,ORD00511,SUP020,PRD054,Delhi,Bengaluru,2026-05-14,2026-05-24,2026-05-24,On Time,0
SHP00512,ORD00512,SUP007,PRD011,Hyderabad,Hyderabad,2026-04-30,2026-05-05,2026-05-06,Delayed,1
SHP00513,ORD00513,SUP020,PRD057,Delhi,Delhi,2026-06-14,2026-06-19,2026-06-20,Delayed,1
SHP00514,ORD00514,SUP006,PRD020,Ahmedabad,Mumbai,2026-05-30,2026-06-08,2026-06-09,Delayed,1
SHP00515,ORD00515,SUP010,PRD060,Mumbai,Pune,2026-09-27,2026-10-06,2026-10-06,On Time,0
SHP00516,ORD00516,SUP006,PRD020,Ahmedabad,Hyderabad,2026-07-15,2026-07-21,2026-07-23,Delayed,2
SHP00517,ORD00517,SUP020,PRD057,Delhi,Pune,2026-06-02,2026-06-10,2026-06-11,Delayed,1
SHP00518,ORD00518,SUP003,PRD016,Mumbai,Hyderabad,2025-12-28,2026-01-03,2026-01-03,On Time,0
SHP00519,ORD00519,SUP014,PRD044,Chennai,Chennai,2026-03-25,2026-03-31,2026-03-31,On Time,0
SHP00520,ORD00520,SUP009,PRD017,Hyderabad,Mumbai,2026-09-14,2026-09-21,2026-09-21,On Time,0
SHP00521,ORD00521,SUP007,PRD006,Hyderabad,Hyderabad,2026-02-13,2026-02-20,2026-02-20,On Time,0
SHP00522,ORD00522,SUP018,PRD033,Bengaluru,Mumbai,2026-02-04,2026-02-11,2026-02-14,Delayed,3
SHP00523,ORD00523,SUP003,PRD004,Mumbai,Delhi,2026-01-24,2026-02-01,2026-02-03,Delayed,2
SHP00524,ORD00524,SUP010,PRD019,Mumbai,Mumbai,2026-09-26,2026-10-01,2026-10-01,On Time,0
SHP00525,ORD00525,SUP016,PRD025,Chennai,Bengaluru,2026-06-08,2026-06-16,2026-06-17,Delayed,1
SHP00526,ORD00526,SUP015,PRD005,Delhi,Bengaluru,2026-07-14,2026-07-23,2026-07-23,On Time,0
SHP00527,ORD00527,SUP015,PRD036,Delhi,Hyderabad,2025-12-02,2025-12-07,2025-12-07,On Time,0
SHP00528,ORD00528,SUP017,PRD027,Delhi,Delhi,2026-04-13,2026-04-18,2026-04-18,On Time,0
SHP00529,ORD00529,SUP006,PRD020,Ahmedabad,Delhi,2025-12-14,2025-12-17,2025-12-18,Delayed,1
SHP00530,ORD00530,SUP001,PRD030,Bengaluru,Pune,2025-11-10,2025-11-17,2025-11-22,Delayed,5
SHP00531,ORD00531,SUP007,PRD028,Hyderabad,Hyderabad,2026-09-01,2026-09-04,2026-09-06,Delayed,2
SHP00532,ORD00532,SUP004,PRD035,Bengaluru,Hyderabad,2026-01-18,2026-01-22,2026-01-25,Delayed,3
SHP00533,ORD00533,SUP005,PRD026,Bengaluru,Mumbai,2026-02-16,2026-02-19,2026-02-21,Delayed,2
SHP00534,ORD00534,SUP009,PRD039,Hyderabad,Pune,2025-12-10,2025-12-20,2025-12-21,Delayed,1
SHP00535,ORD00535,SUP005,PRD015,Bengaluru,Bengaluru,2026-07-28,2026-08-04,2026-08-05,Delayed,1
SHP00536,ORD00536,SUP016,PRD034,Chennai,Delhi,2026-09-08,2026-09-14,2026-09-15,Delayed,1
SHP00537,ORD00537,SUP020,PRD054,Delhi,Delhi,2026-01-28,2026-01-31,2026-01-31,On Time,0
SHP00538,ORD00538,SUP018,PRD018,Bengaluru,Chennai,2026-03-19,2026-03-23,2026-03-24,Delayed,1
SHP00539,ORD00539,SUP014,PRD044,Chennai,Hyderabad,2026-09-14,2026-09-19,2026-09-19,On Time,0
SHP00540,ORD00540,SUP006,PRD020,Ahmedabad,Hyderabad,2026-07-09,2026-07-13,2026-07-13,On Time,0
SHP00541,ORD00541,SUP009,PRD017,Hyderabad,Bengaluru,2026-06-01,2026-06-11,2026-06-11,On Time,0
SHP00542,ORD00542,SUP016,PRD047,Chennai,Bengaluru,2026-02-25,2026-03-04,2026-03-06,Delayed,2
SHP00543,ORD00543,SUP003,PRD004,Mumbai,Chennai,2025-10-31,2025-11-08,2025-11-11,Delayed,3
SHP00544,ORD00544,SUP001,PRD030,Bengaluru,Mumbai,2026-07-21,2026-07-26,2026-07-26,On Time,0
SHP00545,ORD00545,SUP001,PRD030,Bengaluru,Mumbai,2025-10-20,2025-10-26,2025-10-29,Delayed,3
SHP00546,ORD00546,SUP016,PRD042,Chennai,Hyderabad,2025-12-30,2026-01-07,2026-01-07,On Time,0
SHP00547,ORD00547,SUP008,PRD052,Mumbai,Pune,2026-04-22,2026-04-26,2026-05-01,Delayed,5
SHP00548,ORD00548,SUP010,PRD060,Mumbai,Hyderabad,2026-02-26,2026-03-08,2026-03-08,On Time,0
SHP00549,ORD00549,SUP001,PRD030,Bengaluru,Hyderabad,2026-07-18,2026-07-22,2026-07-27,Delayed,5
SHP00550,ORD00550,SUP020,PRD021,Delhi,Mumbai,2026-03-21,2026-03-28,2026-03-29,Delayed,1
SHP00551,ORD00551,SUP011,PRD053,Ahmedabad,Hyderabad,2026-08-25,2026-09-01,2026-09-01,On Time,0
SHP00552,ORD00552,SUP017,PRD027,Delhi,Hyderabad,2025-12-08,2025-12-12,2025-12-14,Delayed,2
SHP00553,ORD00553,SUP011,PRD053,Ahmedabad,Delhi,2026-01-07,2026-01-14,2026-01-14,On Time,0
SHP00554,ORD00554,SUP011,PRD009,Ahmedabad,Hyderabad,2026-05-23,2026-05-31,2026-05-31,On Time,0
SHP00555,ORD00555,SUP011,PRD053,Ahmedabad,Hyderabad,2026-01-04,2026-01-08,2026-01-10,Delayed,2
SHP00556,ORD00556,SUP016,PRD047,Chennai,Delhi,2026-03-01,2026-03-04,2026-03-06,Delayed,2
SHP00557,ORD00557,SUP005,PRD026,Bengaluru,Mumbai,2026-01-07,2026-01-12,2026-01-13,Delayed,1
SHP00558,ORD00558,SUP011,PRD010,Ahmedabad,Hyderabad,2026-08-24,2026-08-31,2026-09-02,Delayed,2
SHP00559,ORD00559,SUP016,PRD047,Chennai,Bengaluru,2026-06-21,2026-06-29,2026-07-01,Delayed,2
SHP00560,ORD00560,SUP019,PRD013,Bengaluru,Mumbai,2026-09-08,2026-09-12,2026-09-12,On Time,0
SHP00561,ORD00561,SUP007,PRD028,Hyderabad,Delhi,2025-12-11,2025-12-18,2025-12-21,Delayed,3
SHP00562,ORD00562,SUP005,PRD026,Bengaluru,Delhi,2026-02-05,2026-02-15,2026-02-18,Delayed,3
SHP00563,ORD00563,SUP018,PRD058,Bengaluru,Delhi,2026-01-29,2026-02-03,2026-02-03,On Time,0
SHP00564,ORD00564,SUP020,PRD054,Delhi,Bengaluru,2026-03-18,2026-03-21,2026-03-26,Delayed,5
SHP00565,ORD00565,SUP018,PRD018,Bengaluru,Pune,2026-07-21,2026-07-25,2026-07-25,On Time,0
SHP00566,ORD00566,SUP009,PRD017,Hyderabad,Delhi,2026-04-03,2026-04-13,2026-04-16,Delayed,3
SHP00567,ORD00567,SUP006,PRD020,Ahmedabad,Mumbai,2026-09-07,2026-09-17,2026-09-17,On Time,0
SHP00568,ORD00568,SUP006,PRD007,Ahmedabad,Delhi,2025-12-21,2025-12-29,2025-12-31,Delayed,2
SHP00569,ORD00569,SUP013,PRD037,Pune,Mumbai,2026-09-26,2026-10-01,2026-10-01,On Time,0
SHP00570,ORD00570,SUP005,PRD045,Bengaluru,Mumbai,2025-11-30,2025-12-04,2025-12-07,Delayed,3
SHP00571,ORD00571,SUP019,PRD051,Bengaluru,Delhi,2026-03-01,2026-03-04,2026-03-04,On Time,0
SHP00572,ORD00572,SUP004,PRD035,Bengaluru,Delhi,2026-01-21,2026-01-29,2026-01-29,On Time,0
SHP00573,ORD00573,SUP005,PRD026,Bengaluru,Delhi,2026-05-21,2026-05-27,2026-06-03,Delayed,7
SHP00574,ORD00574,SUP007,PRD006,Hyderabad,Delhi,2026-04-10,2026-04-18,2026-04-19,Delayed,1
SHP00575,ORD00575,SUP016,PRD047,Chennai,Delhi,2026-05-30,2026-06-03,2026-06-03,On Time,0
SHP00576,ORD00576,SUP002,PRD024,Pune,Delhi,2026-09-06,2026-09-12,2026-09-14,Delayed,2
SHP00577,ORD00577,SUP009,PRD039,Hyderabad,Pune,2026-09-14,2026-09-23,2026-09-23,On Time,0
SHP00578,ORD00578,SUP005,PRD014,Bengaluru,Bengaluru,2025-11-11,2025-11-14,2025-11-14,On Time,0
SHP00579,ORD00579,SUP019,PRD013,Bengaluru,Bengaluru,2026-09-26,2026-10-06,2026-10-08,Delayed,2
SHP00580,ORD00580,SUP009,PRD039,Hyderabad,Chennai,2026-07-16,2026-07-20,2026-07-22,Delayed,2
SHP00581,ORD00581,SUP018,PRD033,Bengaluru,Chennai,2026-07-08,2026-07-14,2026-07-14,On Time,0
SHP00582,ORD00582,SUP005,PRD015,Bengaluru,Pune,2026-07-02,2026-07-05,2026-07-06,Delayed,1
SHP00583,ORD00583,SUP017,PRD029,Delhi,Bengaluru,2026-06-24,2026-07-03,2026-07-03,On Time,0
SHP00584,ORD00584,SUP006,PRD007,Ahmedabad,Pune,2026-01-14,2026-01-18,2026-01-19,Delayed,1
SHP00585,ORD00585,SUP009,PRD008,Hyderabad,Mumbai,2025-11-16,2025-11-26,2025-11-26,On Time,0
SHP00586,ORD00586,SUP015,PRD036,Delhi,Mumbai,2025-10-29,2025-11-08,2025-11-08,On Time,0
SHP00587,ORD00587,SUP003,PRD004,Mumbai,Mumbai,2026-05-01,2026-05-04,2026-05-04,On Time,0
SHP00588,ORD00588,SUP003,PRD041,Mumbai,Hyderabad,2026-07-14,2026-07-17,2026-07-20,Delayed,3
SHP00589,ORD00589,SUP003,PRD031,Mumbai,Pune,2026-03-07,2026-03-11,2026-03-16,Delayed,5
SHP00590,ORD00590,SUP003,PRD041,Mumbai,Pune,2026-02-08,2026-02-15,2026-02-22,Delayed,7
SHP00591,ORD00591,SUP005,PRD014,Bengaluru,Mumbai,2026-07-24,2026-07-30,2026-08-01,Delayed,2
SHP00592,ORD00592,SUP015,PRD005,Delhi,Hyderabad,2026-03-26,2026-04-03,2026-04-03,On Time,0
SHP00593,ORD00593,SUP006,PRD007,Ahmedabad,Chennai,2025-10-31,2025-11-06,2025-11-09,Delayed,3
SHP00594,ORD00594,SUP003,PRD016,Mumbai,Chennai,2026-05-30,2026-06-09,2026-06-14,Delayed,5
SHP00595,ORD00595,SUP016,PRD025,Chennai,Delhi,2026-01-01,2026-01-11,2026-01-11,On Time,0
SHP00596,ORD00596,SUP018,PRD058,Bengaluru,Chennai,2026-08-25,2026-08-31,2026-08-31,On Time,0
SHP00597,ORD00597,SUP018,PRD033,Bengaluru,Chennai,2026-05-04,2026-05-11,2026-05-11,On Time,0
SHP00598,ORD00598,SUP016,PRD034,Chennai,Bengaluru,2026-04-14,2026-04-18,2026-04-18,On Time,0
SHP00599,ORD00599,SUP020,PRD054,Delhi,Delhi,2026-04-12,2026-04-22,2026-04-22,On Time,0
SHP00600,ORD00600,SUP007,PRD003,Hyderabad,Pune,2026-09-04,2026-09-13,2026-09-13,On Time,0
